gyro_x,gyro_y,gyro_z,timestamp,firebase_key
-0.49,0.0,0.31,2025-08-22 08:59:44.703741+00:00,-OYG-LIXN-JFeeC6PGVf
-0.49,0.06,0.37,2025-08-22 08:59:46.403763+00:00,-OYG-LLF1JZEw1Yo20Pk
-0.49,-0.06,0.31,2025-08-22 08:59:46.707950+00:00,-OYG-LQ69yJ1AjfoJHOJ
-0.43,-0.06,0.31,2025-08-22 08:59:47.710395+00:00,-OYG-Lf0rg_AnydtUxe9
-0.43,-0.06,0.31,2025-08-22 08:59:48.712658+00:00,-OYG-Lux6S1SfFNoYSO5
-0.49,0.06,0.31,2025-08-22 08:59:49.714856+00:00,-OYG-M9NTGPyCT1sHSGu
-0.49,-0.06,0.31,2025-08-22 08:59:50.717035+00:00,-OYG-MSJ0X1QdOWJ7zK5
-0.49,-0.06,0.31,2025-08-22 08:59:51.719291+00:00,-OYG-Mdl6e7l9WM1Kep2
-0.49,-0.06,0.37,2025-08-22 08:59:52.721679+00:00,-OYG-MsZckkpBEAYEt0M
-0.43,0.0,0.31,2025-08-22 08:59:53.723905+00:00,-OYG-N7f4-yD4VK8uAin
-0.49,-0.06,0.31,2025-08-22 08:59:54.726231+00:00,-OYG-NNFPYFYoW9SdWYQ
-0.49,0.0,0.37,2025-08-22 08:59:55.728466+00:00,-OYG-NcJXzyd_fYGJlcB
-0.49,0.0,0.37,2025-08-22 08:59:56.730633+00:00,-OYG-NrTnbazTEgcM_bi
-0.49,-0.06,0.31,2025-08-22 08:59:57.732984+00:00,-OYG-O69xhNE2bkEetrq
-0.49,-0.06,0.31,2025-08-22 08:59:58.735602+00:00,-OYG-OLei5i8Q51_KMAz
-0.43,0.0,0.37,2025-08-22 08:59:59.737865+00:00,-OYG-OakCt9pRSrGk0Gy
-0.55,0.0,0.31,2025-08-22 09:00:00.740097+00:00,-OYG-Or7N9Xpep_9IYa2
-0.49,0.0,0.31,2025-08-22 09:00:01.742283+00:00,-OYG-P4xfsrgWzjUAZut
-0.49,-0.06,0.31,2025-08-22 09:00:02.744518+00:00,-OYG-PKx4y8O-k30fqOW
-0.49,0.0,0.37,2025-08-22 09:00:03.746761+00:00,-OYG-P_qsX8rvzTDzUxV
-0.49,0.0,0.37,2025-08-22 09:00:04.748940+00:00,-OYG-PpJpHzQbdsEXbmS
-0.49,0.0,0.31,2025-08-22 09:00:05.751182+00:00,-OYG-Q3VzhCkTXGNtgFl
-0.49,0.0,0.31,2025-08-22 09:00:06.753559+00:00,-OYG-QJmcb91vmbMmnQQ
-0.49,0.0,0.31,2025-08-22 09:00:07.755745+00:00,-OYG-QYWn3SRiJKEQEOP
-0.55,0.0,0.37,2025-08-22 09:00:08.757907+00:00,-OYG-QnMlYa3u9ue_MLT
-0.49,0.0,0.31,2025-08-22 09:00:09.760140+00:00,-OYG-R2OI3WD0D2Kjc0u
-0.49,0.0,0.31,2025-08-22 09:00:10.762367+00:00,-OYG-RI9WAbClYeoYuPd
-0.55,0.0,0.37,2025-08-22 09:00:11.764631+00:00,-OYG-RXgqxbCepF0rVdV
-0.55,0.0,0.31,2025-08-22 09:00:12.766755+00:00,-OYG-Rm1bEDWtL4xnT3i
-0.49,-0.06,0.24,2025-08-22 09:00:13.769001+00:00,-OYG-S1HSL9iIODfSzAj
-0.49,0.0,0.37,2025-08-22 09:00:14.771261+00:00,-OYG-SGSKVeRRaLBRVCG
-0.49,0.0,0.31,2025-08-22 09:00:15.773432+00:00,-OYG-SVtbpbowLY6dV2S
-0.49,-0.06,0.31,2025-08-22 09:00:16.775726+00:00,-OYG-SkUUZkmnmJ4uWs4
-0.49,-0.06,0.31,2025-08-22 09:00:17.778141+00:00,-OYG-T-ScwqYGCyFkYhv
-0.49,0.0,0.37,2025-08-22 09:00:18.780369+00:00,-OYG-TF6K-lhU3hKYwas
-0.49,0.0,0.31,2025-08-22 09:00:19.782591+00:00,-OYG-TV6jdhO3yHC5MXL
-0.55,0.0,0.37,2025-08-22 09:00:20.977715+00:00,-OYG-TnHAIlQ4aKqnhRM
-0.49,-0.06,0.31,2025-08-22 09:00:21.787191+00:00,-OYG-TzDqUEcB0_ZgoDV
-0.49,0.0,0.31,2025-08-22 09:00:22.789287+00:00,-OYG-UDOjNnzsFu6NGhL
-0.49,0.0,0.37,2025-08-22 09:00:23.791410+00:00,-OYG-UT3HU3-9LgcHANc
-0.49,-0.06,0.31,2025-08-22 09:00:24.793703+00:00,-OYG-UiDT_SOXnONRPHJ
-0.49,0.0,0.31,2025-08-22 09:00:25.795956+00:00,-OYG-UxhKOaLkXiSFP_u
-0.49,0.06,0.31,2025-08-22 09:00:26.798112+00:00,-OYG-VCh4PCiSEgLK0dE
-0.55,-0.06,0.37,2025-08-22 09:00:27.800425+00:00,-OYG-VSaCaBNSQs91YWp
-0.49,-0.06,0.31,2025-08-22 09:00:28.802815+00:00,-OYG-Vs010Gi895qoVFd
-0.55,0.0,0.37,2025-08-22 09:00:29.805003+00:00,-OYG-Vw3MMjARppruIGY
-0.49,-0.06,0.37,2025-08-22 09:00:30.807242+00:00,-OYG-WBDegaYuUHsqZeZ
-0.49,0.0,0.31,2025-08-22 09:00:31.809415+00:00,-OYG-WQaK1y-Gm2kKNcB
-0.49,0.0,0.31,2025-08-22 09:00:32.811650+00:00,-OYG-WfoW_fiGGWHEJPJ
-0.43,0.0,0.37,2025-08-22 09:00:33.814011+00:00,-OYG-Wus8yUzdOIwaxiU
-0.49,-0.12,0.31,2025-08-22 09:00:34.816290+00:00,-OYG-X9LIwIunwuRyy4T
-0.55,0.0,0.37,2025-08-22 09:00:35.818562+00:00,-OYG-XPOkWiDLChmuTkr
-0.55,0.0,0.31,2025-08-22 09:00:36.820860+00:00,-OYG-Xe-IUHK4l7UEKgv
-0.49,0.0,0.31,2025-08-22 09:00:37.822980+00:00,-OYG-XtrH2GiSVqCrNXF
-0.55,0.0,0.31,2025-08-22 09:00:38.825211+00:00,-OYG-Y8PIo0beqQprjRP
-0.43,-0.06,0.31,2025-08-22 09:00:39.827482+00:00,-OYG-YO-gAq9ilKNzyPc
-0.49,0.0,0.37,2025-08-22 09:00:40.829693+00:00,-OYG-YcMmy2Z0LzSaRup
-0.49,0.0,0.31,2025-08-22 09:00:41.831892+00:00,-OYG-Ys8ZqvxdKexMPMK
-0.49,0.0,0.31,2025-08-22 09:00:42.834088+00:00,-OYG-Z70rIXNr8cJhiw5
-0.49,0.0,0.31,2025-08-22 09:00:43.836316+00:00,-OYG-ZMkPKcMgeuwC_l9
-0.49,0.0,0.31,2025-08-22 09:00:44.838498+00:00,-OYG-ZbHRRfTb-ma29Rb
-0.49,0.0,0.31,2025-08-22 09:00:45.840679+00:00,-OYG-Zr-l6WPNBfZ3UQZ
-0.55,0.0,0.31,2025-08-22 09:00:46.842963+00:00,-OYG-_5UnmTryTg527tg
-0.49,-0.06,0.31,2025-08-22 09:00:47.845351+00:00,-OYG-_Kziv2VpHP4894d
-0.49,0.0,0.31,2025-08-22 09:00:48.847517+00:00,-OYG-_a2EJOCRhxCn1Ez
-0.49,-0.06,0.31,2025-08-22 09:00:49.849997+00:00,-OYG-_plLqfl6oW-m3TI
-0.49,0.06,0.31,2025-08-22 09:00:50.852068+00:00,-OYG-a3vw3oE2yiyNsiN
-0.49,-0.31,0.43,2025-08-22 09:00:51.854347+00:00,-OYG-aJkBbTYM2MxgilN
-0.49,-0.12,0.31,2025-08-22 09:00:52.856674+00:00,-OYG-aZW-v9gWM0GSndn
-0.49,-0.06,0.37,2025-08-22 09:00:53.858891+00:00,-OYG-ao1VLlI4GnReT8o
-0.55,0.0,0.31,2025-08-22 09:00:54.861140+00:00,-OYG-b3ih487GBkobmWp
-0.55,0.0,0.31,2025-08-22 09:00:55.863432+00:00,-OYG-bIvIjt9tacIbf9Z
-0.55,0.0,0.31,2025-08-22 09:00:56.865595+00:00,-OYG-bYM2v6vYm9WPNiA
-0.49,0.06,0.31,2025-08-22 09:00:57.867861+00:00,-OYG-bp5eVwj_RPwpO8n
-0.49,0.06,0.37,2025-08-22 09:00:58.870190+00:00,-OYG-c1dGynWXdtTjIfC
-0.55,0.0,0.31,2025-08-22 09:00:59.872455+00:00,-OYG-cHaoFIjrCeHNbS8
-0.55,0.0,0.31,2025-08-22 09:01:00.874679+00:00,-OYG-cX1faW-Jv2ANmpF
-0.55,0.0,0.31,2025-08-22 09:01:01.876815+00:00,-OYG-cliNpMm7EE_DJ09
-0.55,0.0,0.31,2025-08-22 09:01:02.879074+00:00,-OYG-d-vnI1N6Xmp0NTa
-0.49,0.0,0.31,2025-08-22 09:01:03.881208+00:00,-OYG-dFhjllebcZDOiGc
-0.49,0.0,0.31,2025-08-22 09:01:04.883381+00:00,-OYG-dVElsbMLuKsYt5g
-0.49,0.0,0.31,2025-08-22 09:01:05.885602+00:00,-OYG-dkeeduI92OtrRQI
-0.49,0.0,0.37,2025-08-22 09:01:06.887938+00:00,-OYG-dzOUDVthuFdZ7JA
-0.55,0.0,0.31,2025-08-22 09:01:07.890035+00:00,-OYG-eEU8MQlHZ6J7Pv8
-0.49,0.06,0.31,2025-08-22 09:01:08.892188+00:00,-OYG-eULxesLg3IvGh90
-0.55,0.0,0.31,2025-08-22 09:01:09.894502+00:00,-OYG-eiiw0nubLNZlSoP
-0.55,0.0,0.31,2025-08-22 09:01:10.896712+00:00,-OYG-eygkSrt6RzxGnBR
-0.55,0.06,0.31,2025-08-22 09:01:11.898998+00:00,-OYG-fDW0uYr5JvLZo_X
-0.49,0.0,0.31,2025-08-22 09:01:12.901162+00:00,-OYG-fSvIe8Q3t5T1KPm
-0.49,0.0,0.31,2025-08-22 09:01:13.903393+00:00,-OYG-fhssJol0Ovp5Exn
-0.49,0.0,0.31,2025-08-22 09:01:14.905590+00:00,-OYG-fxIunqIbaqQstfB
-0.49,0.0,0.31,2025-08-22 09:01:15.907766+00:00,-OYG-gC5RidMvqPnqV1N
-0.49,-0.06,0.31,2025-08-22 09:01:16.910096+00:00,-OYG-gRhXg_m5KYQkGeI
-0.49,0.0,0.31,2025-08-22 09:01:17.912311+00:00,-OYG-gg92MvE9v1q9YfS
-0.49,0.0,0.31,2025-08-22 09:01:18.914494+00:00,-OYG-gvrTy5GtKTvOXXS
-0.55,0.0,0.37,2025-08-22 09:01:19.916742+00:00,-OYG-hAOr8O-isk4Qknn
-0.55,0.0,0.31,2025-08-22 09:01:20.919052+00:00,-OYG-hQGDuSVTUSWAnMh
-0.49,-0.06,0.31,2025-08-22 09:01:21.921356+00:00,-OYG-hevh1LO0e0H24xF
-0.49,0.0,0.31,2025-08-22 09:01:22.923561+00:00,-OYG-hv4fEardYjj33Jd
-0.43,0.0,0.31,2025-08-22 09:01:23.925722+00:00,-OYG-i9IYDL7Ak4EuOJE
-0.49,0.0,0.31,2025-08-22 09:01:24.928004+00:00,-OYG-iOKsBaSOh-PnXkX
-0.49,0.0,0.37,2025-08-22 09:01:25.930236+00:00,-OYG-idTOx3D9YUpnB6i
-0.49,-0.24,0.31,2025-08-22 09:01:26.932452+00:00,-OYG-it6uya6k4mx46iI
-0.49,0.06,0.31,2025-08-22 09:01:27.934679+00:00,-OYG-j8DBGDnvAknN6TJ
-0.49,-0.06,0.37,2025-08-22 09:01:28.936971+00:00,-OYG-jN88avYyOq0OQN3
-0.49,-0.06,0.31,2025-08-22 09:01:29.939184+00:00,-OYG-jc180YbaDG3GpNC
-0.49,0.0,0.31,2025-08-22 09:01:30.941420+00:00,-OYG-jtI1Vz77fY2T19E
-0.49,0.0,0.31,2025-08-22 09:01:31.943760+00:00,-OYG-k6uqxKQXMSSqt7Q
-0.49,-0.06,0.31,2025-08-22 09:01:32.946016+00:00,-OYG-kQqC2T7Dmh_46yP
-0.49,0.0,0.31,2025-08-22 09:01:33.948181+00:00,-OYG-kaqOQRZZ_bobC1y
-0.49,0.0,0.37,2025-08-22 09:01:34.950330+00:00,-OYG-kqG0SwK7ByhKKI2
-0.55,0.0,0.31,2025-08-22 09:01:35.952558+00:00,-OYG-l4edP_q7oSBX9Wg
-0.55,0.0,0.37,2025-08-22 09:01:36.954790+00:00,-OYG-lK_MKgAW7YrlBCD
-0.55,0.0,0.31,2025-08-22 09:01:37.956938+00:00,-OYG-l_8hugzGmojQ9BA
-0.49,0.0,0.31,2025-08-22 09:01:38.959183+00:00,-OYG-lpK81KRqkwdY0XU
-0.55,0.0,0.37,2025-08-22 09:01:39.961361+00:00,-OYG-m3fxl5Ds2ylFUjo
-0.49,0.0,0.31,2025-08-22 09:01:40.963444+00:00,-OYG-mJe1218xEWEmBjW
-0.49,-0.06,0.31,2025-08-22 09:01:41.965721+00:00,-OYG-m_9jYI6kwQUVuxE
-0.55,0.0,0.31,2025-08-22 09:01:42.968034+00:00,-OYG-mnhxd-75SNMO89V
-0.55,0.0,0.31,2025-08-22 09:01:43.970279+00:00,-OYG-n2NyVXRYhlMmnjc
-0.55,0.0,0.37,2025-08-22 09:01:44.972436+00:00,-OYG-nOOE02bu4X10PdW
-0.49,0.0,0.37,2025-08-22 09:01:45.974551+00:00,-OYG-nXQfnkgm4doA_iq
-0.49,0.0,0.31,2025-08-22 09:01:46.976677+00:00,-OYG-nm_bsc6g3BRlh6B
-0.49,0.0,0.37,2025-08-22 09:01:47.978847+00:00,-OYG-o0ufc4rwUbNmdf8
-0.49,0.0,0.31,2025-08-22 09:01:48.980932+00:00,-OYG-oGQq6OzYvdspHyb
-0.55,0.0,0.31,2025-08-22 09:01:49.983212+00:00,-OYG-oX0I_-RgxtbmbMJ
-0.55,0.0,0.31,2025-08-22 09:01:50.985478+00:00,-OYG-olFvic2pKm9Ubzd
-0.49,0.0,0.31,2025-08-22 09:01:51.987645+00:00,-OYG-p-T_jt0YRK4EB_t
-0.55,0.0,0.31,2025-08-22 09:01:52.989884+00:00,-OYG-pGJj2g4brcHuOFp
-0.49,0.0,0.37,2025-08-22 09:01:53.992202+00:00,-OYG-pUYsmIoGkAH21lv
-0.49,0.0,0.31,2025-08-22 09:01:54.994178+00:00,-OYG-pjWmKycrCQuUpMi
-0.55,-0.06,0.31,2025-08-22 09:01:55.996561+00:00,-OYG-pz8xT6kd3-_mexU
-0.55,0.0,0.37,2025-08-22 09:01:56.998848+00:00,-OYG-qEkiWb4nglqNilQ
-0.49,0.0,0.31,2025-08-22 09:01:58.001180+00:00,-OYG-qTw8GaVAWrZ2Bzt
-0.55,0.06,0.31,2025-08-22 09:01:59.003386+00:00,-OYG-qiMpBSfw-59LVO1
-0.49,-0.06,0.31,2025-08-22 09:02:00.005617+00:00,-OYG-qyCX5c4WyFzJfFl
-0.49,0.0,0.31,2025-08-22 09:02:01.007848+00:00,-OYG-rCsGG-cnTUzSV0B
-0.55,0.0,0.31,2025-08-22 09:02:02.010099+00:00,-OYG-rSZy5KC-3JYpqDt
-0.55,0.0,0.31,2025-08-22 09:02:03.012212+00:00,-OYG-rgquOWDORkDeMzX
-0.55,0.0,0.31,2025-08-22 09:02:04.014492+00:00,-OYG-rw76DYcTNKBVaGc
-0.55,0.0,0.31,2025-08-22 09:02:05.016737+00:00,-OYG-sBGHegw7o3srooL
-0.49,0.0,0.31,2025-08-22 09:02:06.018822+00:00,-OYG-sQeCMks72uuTPZt
-0.55,0.0,0.37,2025-08-22 09:02:07.021101+00:00,-OYG-siNE1rN7t6uzIOX
-0.55,0.0,0.31,2025-08-22 09:02:08.023383+00:00,-OYG-svKDf-7uqEesUM4
-0.55,0.0,0.37,2025-08-22 09:02:09.025529+00:00,-OYG-tAK8umPGg__ask_
-0.55,0.0,0.31,2025-08-22 09:02:10.027734+00:00,-OYG-tPzzMBYS20BhwDr
-0.49,0.0,0.31,2025-08-22 09:02:11.029910+00:00,-OYG-tdnOqhn9W0fLzwy
-0.55,0.0,0.37,2025-08-22 09:02:12.032175+00:00,-OYG-tttZ9WcXh425z1P
-0.55,0.0,0.37,2025-08-22 09:02:13.034410+00:00,-OYG-u7tPOAHws3kHKIz
-0.55,0.0,0.31,2025-08-22 09:02:14.036571+00:00,-OYG-uNeWgxhf30ju5uW
-0.55,0.0,0.37,2025-08-22 09:02:15.038703+00:00,-OYG-ulh9U-Pvl8-sN9l
-0.55,0.0,0.37,2025-08-22 09:02:16.040886+00:00,-OYG-usobmeTA2PXB2th
-0.49,0.0,0.37,2025-08-22 09:02:17.043054+00:00,-OYG-vKD3jcPMASiXEPl
-0.49,0.0,0.31,2025-08-22 09:02:18.075055+00:00,-OYG-vWi8NcYyNQoqpHu
-0.49,0.0,0.31,2025-08-22 09:02:19.047502+00:00,-OYG-viN20YdmD1xnV8A
-0.55,0.0,0.37,2025-08-22 09:02:20.049685+00:00,-OYG-vsGDs4G4xZTFNE-
-0.49,0.0,0.31,2025-08-22 09:02:21.051864+00:00,-OYG-w70q_1AINJ_y-PX
-0.49,0.0,0.31,2025-08-22 09:02:22.054109+00:00,-OYG-wLa68pG-Y-xzGRn
-0.55,0.06,0.37,2025-08-22 09:02:23.056358+00:00,-OYG-wahCSjSvnU5x_Vr
-0.49,0.0,0.31,2025-08-22 09:02:24.058546+00:00,-OYG-wq9GG6eyMthz9vu
-0.49,0.0,0.31,2025-08-22 09:02:25.060711+00:00,-OYG-x4F_j6gGipAcspJ
-0.55,0.0,0.37,2025-08-22 09:02:26.062925+00:00,-OYG-xKHoWYEx2beIFFM
-0.55,0.0,0.31,2025-08-22 09:02:27.065151+00:00,-OYG-x_AnCW4TeDQUZgi
-0.49,0.0,0.31,2025-08-22 09:02:28.067333+00:00,-OYG-xoXiymYukAZYVAt
-0.49,0.0,0.37,2025-08-22 09:02:29.069592+00:00,-OYG-y2pm6QQHLTXvZ6x
-0.55,0.0,0.31,2025-08-22 09:02:30.071920+00:00,-OYG-yIWC7dgg5BXM27d
-0.49,0.0,0.31,2025-08-22 09:02:31.074050+00:00,-OYG-yYQEUo09vCUspD5
-0.49,0.0,0.37,2025-08-22 09:02:32.076259+00:00,-OYG-yn9kEvq8nIyKrUg
-0.55,0.0,0.37,2025-08-22 09:02:33.078456+00:00,-OYG-z1jf0-Og2fOtofy
-0.55,0.0,0.31,2025-08-22 09:02:34.080701+00:00,-OYG-zHXFeZ8MDzZI0l0
-0.49,0.0,0.31,2025-08-22 09:02:35.082817+00:00,-OYG-zWjfxBp8T4837AZ
-0.55,0.0,0.31,2025-08-22 09:02:36.085051+00:00,-OYG-zlr355iYNhJZ_9v
-0.55,0.06,0.31,2025-08-22 09:02:37.087313+00:00,-OYG0-0dsr3CUGRdr_HA
-0.49,-0.06,0.31,2025-08-22 09:02:38.089609+00:00,-OYG0-H1k1PkUFnHMMKo
-0.55,0.0,0.31,2025-08-22 09:02:39.091755+00:00,-OYG0-Vo15CLM-BCL3h9
-0.49,0.0,0.31,2025-08-22 09:02:40.094029+00:00,-OYG0-jzoDgIVtYBMhdI
-0.55,0.0,0.37,2025-08-22 09:02:41.096308+00:00,-OYG00-WQZ9yVBiy82Wz
-0.49,0.0,0.31,2025-08-22 09:02:42.098487+00:00,-OYG00ERASXQMryQA0O8
-0.55,0.0,0.31,2025-08-22 09:02:43.100742+00:00,-OYG00TsbWQdA_3ir6PJ
-0.49,-0.06,0.31,2025-08-22 09:02:44.103123+00:00,-OYG00ipOGqdddPlwCSf
-0.49,0.0,0.31,2025-08-22 09:02:45.105347+00:00,-OYG00ydAU6my5moLz_5
-0.49,0.0,0.37,2025-08-22 09:02:46.107503+00:00,-OYG01CkI3kq1Jh-Zdzj
-0.49,0.0,0.31,2025-08-22 09:02:47.109686+00:00,-OYG01SVgHdLPd_sLzsz
-0.55,0.0,0.37,2025-08-22 09:02:48.111949+00:00,-OYG01hBQbSIF9chyrHQ
-0.55,0.0,0.31,2025-08-22 09:02:49.114168+00:00,-OYG01xL-7h9lX1ORNIe
-0.55,0.0,0.37,2025-08-22 09:02:50.116313+00:00,-OYG02BdtbsiNvL97Ua1
-0.49,0.0,0.37,2025-08-22 09:02:51.118467+00:00,-OYG02RPR-9b2ynDAXbV
-0.55,0.0,0.31,2025-08-22 09:02:52.120836+00:00,-OYG02fyPgIDtKsv1lX7
-0.49,0.0,0.31,2025-08-22 09:02:53.122883+00:00,-OYG02v_K4eU7LTWysUV
-0.55,0.0,0.31,2025-08-22 09:02:54.125130+00:00,-OYG03APO5u6iZdq-0fj
-0.55,0.0,0.37,2025-08-22 09:02:55.127611+00:00,-OYG03R0Uy9JkH9HDqn1
-0.55,-0.06,0.31,2025-08-22 09:02:56.129878+00:00,-OYG03fZc9-3cplgyXAq
-0.55,0.0,0.31,2025-08-22 09:02:57.132040+00:00,-OYG03uJsrxO3C5JIaHk
-0.55,0.0,0.37,2025-08-22 09:02:58.134226+00:00,-OYG048uFegTSv91TfpJ
-0.49,0.0,0.31,2025-08-22 09:02:59.136399+00:00,-OYG04OryBxX2uererwS
-0.49,0.0,0.37,2025-08-22 09:03:00.138575+00:00,-OYG04dH1Gfmzaw3Ijkb
-0.55,0.0,0.31,2025-08-22 09:03:01.140750+00:00,-OYG04t3mLPmt6iu0AI6
-0.55,0.0,0.31,2025-08-22 09:03:02.142901+00:00,-OYG057MOnJo3PeDLgYN
-0.49,0.0,0.31,2025-08-22 09:03:03.145150+00:00,-OYG05NToLq7IFZgAZ72
-0.67,0.0,0.37,2025-08-22 09:03:04.147316+00:00,-OYG05c6JsGR01H5e9jp
-0.55,0.0,0.31,2025-08-22 09:03:05.149616+00:00,-OYG05rg1RSEGhprlsQd
-0.55,0.0,0.37,2025-08-22 09:03:06.151961+00:00,-OYG06ANIMKrSTYe3bWk
-0.43,0.06,0.37,2025-08-22 09:03:07.154045+00:00,-OYG06MCYahcZk-z9Ud7
-0.55,0.0,0.31,2025-08-22 09:03:08.156239+00:00,-OYG06arVy-sqayWA2xR
-0.49,0.0,0.31,2025-08-22 09:03:09.158462+00:00,-OYG06qKuZJ4Xt1H3ELw
-0.49,0.0,0.31,2025-08-22 09:03:10.160674+00:00,-OYG074gDNIlXNnckvtX
-0.55,0.0,0.31,2025-08-22 09:03:11.162893+00:00,-OYG07KMpqGzvTZlGpZY
-0.55,0.0,0.31,2025-08-22 09:03:12.165029+00:00,-OYG07Zvb81tYPTz5aZ0
-0.55,0.0,0.37,2025-08-22 09:03:13.167522+00:00,-OYG07obgtp3bzr8rUPn
-0.55,0.0,0.31,2025-08-22 09:03:14.169439+00:00,-OYG083JnetaoDPTc5E3
-0.49,0.0,0.31,2025-08-22 09:03:15.171613+00:00,-OYG08IrK2nWJELlCaGQ
-0.49,0.0,0.37,2025-08-22 09:03:16.173887+00:00,-OYG08YdE81PlTL6iKG7
-0.55,0.0,0.31,2025-08-22 09:03:17.176252+00:00,-OYG08n_RfFy7Hf9RVGI
-0.55,0.0,0.37,2025-08-22 09:03:18.178443+00:00,-OYG092soivaUd8ZSDzh
-0.49,0.0,0.37,2025-08-22 09:03:19.180576+00:00,-OYG09H_f905UMBRXIv9
-0.55,0.0,0.31,2025-08-22 09:03:20.182810+00:00,-OYG09XFFG06dWjvjCqp
-0.55,0.06,0.37,2025-08-22 09:03:21.185018+00:00,-OYG09m-bKicTmA1GbrV
-0.55,0.06,0.31,2025-08-22 09:03:22.187194+00:00,-OYG0A0accrOH1sAJaKK
-0.55,0.0,0.31,2025-08-22 09:03:23.189402+00:00,-OYG0AG6Emr11jM3egc8
-0.55,0.0,0.31,2025-08-22 09:03:24.191686+00:00,-OYG0AVnCqlEYbiUuG2Z
-0.55,0.0,0.31,2025-08-22 09:03:25.193890+00:00,-OYG0Aks-83S84a1WQjt
-0.55,0.0,0.31,2025-08-22 09:03:26.196042+00:00,-OYG0B-3RiTDw6nQALCJ
-0.55,0.0,0.31,2025-08-22 09:03:27.198268+00:00,-OYG0BF5FIIJrIybshsv
-0.55,0.06,0.37,2025-08-22 09:03:28.200649+00:00,-OYG0BUVJql7DZ5HaGDu
-0.55,0.0,0.37,2025-08-22 09:03:29.202734+00:00,-OYG0BjXTIzq6jFkkwBm
-0.67,0.0,0.31,2025-08-22 09:03:30.204966+00:00,-OYG0Byn1lDnEIiHtDz_
-0.49,0.0,0.31,2025-08-22 09:03:31.207416+00:00,-OYG0CEEMQRwVs7ggwST
-0.49,0.0,0.31,2025-08-22 09:03:32.209585+00:00,-OYG0CT7BIDkw8E71uQO
-0.55,0.0,0.31,2025-08-22 09:03:33.211872+00:00,-OYG0CiEgaXmvKtp_dpA
-0.55,0.0,0.31,2025-08-22 09:03:34.213938+00:00,-OYG0CxS8BjFJh-NL8h1
-0.55,0.0,0.37,2025-08-22 09:03:35.216158+00:00,-OYG0DC_C98dLFeOvoQ0
-0.55,0.0,0.37,2025-08-22 09:03:36.218401+00:00,-OYG0DS8XkvpPBB__RL-
-0.49,0.12,0.31,2025-08-22 09:03:37.220640+00:00,-OYG0Dh1GtHKQIdDxFCE
-0.55,0.0,0.31,2025-08-22 09:03:38.222929+00:00,-OYG0DwP7DlW5wLBuSqQ
-0.55,0.0,0.37,2025-08-22 09:03:39.225168+00:00,-OYG0EB2rgxKhIPkTGyz
-0.49,0.0,0.31,2025-08-22 09:03:40.227370+00:00,-OYG0ERPP-4iFHlZjwJI
-0.49,0.0,0.31,2025-08-22 09:03:41.229643+00:00,-OYG0EfkL3LJNB22K7Dw
-0.55,0.0,0.31,2025-08-22 09:03:42.231999+00:00,-OYG0Ew89fROgJtqwNZU
-0.49,0.06,0.31,2025-08-22 09:03:43.234223+00:00,-OYG0F9cu1PZuDiPKanh
-0.55,0.0,0.37,2025-08-22 09:03:44.236558+00:00,-OYG0FOz5ToyKxlpGnuF
-0.61,0.0,0.37,2025-08-22 09:03:45.238899+00:00,-OYG0FdVvm-rxCLIiktU
-0.61,0.0,0.37,2025-08-22 09:03:46.241107+00:00,-OYG0Fu2UPSmwf_INlX0
-0.55,0.0,0.31,2025-08-22 09:03:47.243324+00:00,-OYG0G8nudruKlU7AO2W
-0.55,0.0,0.31,2025-08-22 09:03:48.245323+00:00,-OYG0GNYOLkM853RUK7c
-0.55,0.0,0.31,2025-08-22 09:03:49.247521+00:00,-OYG0GcECYsQRP7dI4tj
-0.55,0.0,0.37,2025-08-22 09:03:50.249958+00:00,-OYG0GrsAAoSRatr8_S3
-0.55,0.0,0.31,2025-08-22 09:03:51.252196+00:00,-OYG0H7fc1vlO871J5Vs
-0.49,0.0,0.37,2025-08-22 09:03:52.254428+00:00,-OYG0HMo9is33EXnnxXE
-0.55,0.0,0.31,2025-08-22 09:03:53.256604+00:00,-OYG0Hb2x-ZXVx5aRYNE
-0.55,-0.06,0.37,2025-08-22 09:03:54.258864+00:00,-OYG0HqqEFb5k-OU3540
-0.61,0.0,0.37,2025-08-22 09:03:55.261019+00:00,-OYG0I56IoT6RYVcZXcW
-0.55,0.0,0.31,2025-08-22 09:03:56.263189+00:00,-OYG0ILJ37qwx1J-6y0c
-0.43,0.06,0.31,2025-08-22 09:03:57.265411+00:00,-OYG0I_uh2rvg-M_F_vX
-0.55,0.0,0.31,2025-08-22 09:03:58.267624+00:00,-OYG0IqPrYgfWu2aXOGI
-0.55,0.06,0.37,2025-08-22 09:03:59.269835+00:00,-OYG0J47Yeapm8MNj3Q-
12.45,-70.01,17.88,2025-08-22 09:04:00.272110+00:00,-OYG0JK-oEssWDTIahib
26.92,-28.26,-41.38,2025-08-22 09:04:01.274488+00:00,-OYG0JZg0KGSNgKv3N46
-5.07,45.41,34.61,2025-08-22 09:04:02.276701+00:00,-OYG0JpEjT6A0YnmnUkE
4.64,1.71,-17.82,2025-08-22 09:04:03.278927+00:00,-OYG0K2_wrHY2UwI55fi
-6.1,-20.75,6.65,2025-08-22 09:04:04.281112+00:00,-OYG0KIfe7K6HpTBPXFJ
1.34,8.91,-0.49,2025-08-22 09:04:05.283418+00:00,-OYG0KYQoIKMTFUi-pzo
1.4,7.93,-1.22,2025-08-22 09:04:06.285649+00:00,-OYG0KmkBKNCwPTaYh-J
-3.23,-12.33,2.32,2025-08-22 09:04:07.287872+00:00,-OYG0L1ddUdHipGyFATy
0.24,5.49,-0.73,2025-08-22 09:04:08.290156+00:00,-OYG0LGzl-biI5ZB4gRH
0.24,3.42,-0.43,2025-08-22 09:04:09.292366+00:00,-OYG0LWr0itA-8Vm9Rkx
-1.95,-6.84,1.46,2025-08-22 09:04:10.294553+00:00,-OYG0LligHgb687KY77C
0.18,4.39,-0.37,2025-08-22 09:04:11.296893+00:00,-OYG0M-kyZXv6WsXXSYN
-0.43,0.24,0.18,2025-08-22 09:04:12.299228+00:00,-OYG0MFouFoxYVR4Zxgi
-1.1,-2.99,0.79,2025-08-22 09:04:13.301502+00:00,-OYG0MWQ2jDYVqeXk5cV
0.0,3.05,-0.18,2025-08-22 09:04:14.303785+00:00,-OYG0MjrlDfpktkMs_MF
-0.67,-1.34,0.49,2025-08-22 09:04:15.305993+00:00,-OYG0MzPjoDnQObkpkOe
-0.61,-0.31,0.43,2025-08-22 09:04:16.308272+00:00,-OYG0NEfvEOdrVsJq5Js
-0.12,1.28,0.12,2025-08-22 09:04:17.310488+00:00,-OYG0NUR5om49jGZj9g4
-0.67,-1.34,0.43,2025-08-22 09:04:18.312638+00:00,-OYG0NiamF7OF8NS5Jpe
-0.43,0.85,0.18,2025-08-22 09:04:19.314930+00:00,-OYG0NyL_jRJMf2e1yXn
-0.61,-0.37,0.31,2025-08-22 09:04:20.317062+00:00,-OYG0OCYmHEntHReahej
-0.31,0.06,0.24,2025-08-22 09:04:21.319306+00:00,-OYG0OT9gSShwdrt-rib
-0.49,0.18,0.31,2025-08-22 09:04:22.321490+00:00,-OYG0Ohdc-yBEuIEjniS
-0.61,-0.37,0.37,2025-08-22 09:04:23.323784+00:00,-OYG0OwaJKr9MH4y4_O6
-0.49,0.49,0.31,2025-08-22 09:04:24.326092+00:00,-OYG0PB_6-bZyla5dTiU
-0.55,-0.37,0.37,2025-08-22 09:04:25.328336+00:00,-OYG0PRPCDQ3RqYKeTXt
-0.49,0.31,0.31,2025-08-22 09:04:26.330258+00:00,-OYG0PgGca41tEtGWgds
-0.61,-0.06,0.37,2025-08-22 09:04:27.332533+00:00,-OYG0PvTpCQw3qLmGkw6
-0.49,0.06,0.31,2025-08-22 09:04:28.334563+00:00,-OYG0QAPZiJLzZapaHdw
-0.61,0.0,0.24,2025-08-22 09:04:29.336748+00:00,-OYG0QPv63Hw5NtmQ16T
-0.55,-0.06,0.31,2025-08-22 09:04:30.338865+00:00,-OYG0QejljcbJum7tPg8
-0.49,0.12,0.31,2025-08-22 09:04:31.341080+00:00,-OYG0QuMRkTkZDk_O1uY
-0.67,-0.06,0.31,2025-08-22 09:04:32.343219+00:00,-OYG0R9_PkBZ98tb2LtN
-0.55,0.06,0.31,2025-08-22 09:04:33.345423+00:00,-OYG0ROSLi2JR1o3fNys
-0.55,-0.06,0.31,2025-08-22 09:04:34.347620+00:00,-OYG0RdSpsonsYWsWneY
-0.55,0.06,0.31,2025-08-22 09:04:35.349764+00:00,-OYG0RsvK8cYu51B1fWv
-0.49,-0.06,0.37,2025-08-22 09:04:36.352035+00:00,-OYG0S7QpaoRB0NlEfUV
-0.43,0.0,0.31,2025-08-22 09:04:37.354218+00:00,-OYG0SNM5oKODiC1r5bQ
-0.55,0.06,0.31,2025-08-22 09:04:38.356396+00:00,-OYG0Sc7xBs_ijjPnq53
-0.73,0.12,0.31,2025-08-22 09:04:39.358523+00:00,-OYG0SrFSBYNl278yK0v
-0.55,0.0,0.31,2025-08-22 09:04:40.360704+00:00,-OYG0T6SB7nAM3AY7M2T
-0.49,0.06,0.31,2025-08-22 09:04:41.362852+00:00,-OYG0TLtjDSJ2z6FMskz
-0.55,0.0,0.31,2025-08-22 09:04:42.365081+00:00,-OYG0TafoTC4mGY2yDdB
-0.55,0.0,0.31,2025-08-22 09:04:43.367217+00:00,-OYG0Tq7trBddOay6Z6P
-0.61,0.0,0.31,2025-08-22 09:04:44.369424+00:00,-OYG0U4v0lAHelcYXbkf
-0.49,0.0,0.31,2025-08-22 09:04:45.371673+00:00,-OYG0UK_eJylO4z1zFV4
-0.61,0.0,0.31,2025-08-22 09:04:46.373770+00:00,-OYG0U_QzwIpdhP4Ta_U
-0.55,0.06,0.37,2025-08-22 09:04:47.375995+00:00,-OYG0Uob42Az4tUkegpN
-0.55,0.0,0.31,2025-08-22 09:04:48.378135+00:00,-OYG0V3C54wcZdI0X3Rr
-0.49,0.0,0.37,2025-08-22 09:04:49.380296+00:00,-OYG0VJ31Pw1TCH63H8c
-0.55,0.06,0.31,2025-08-22 09:04:50.382484+00:00,-OYG0VYzW6jFTpKdIo7v
-0.55,-0.06,0.31,2025-08-22 09:04:51.384962+00:00,-OYG0VneblvmRIagFU59
-0.49,0.0,0.31,2025-08-22 09:04:52.386875+00:00,-OYG0W2B8rjjk9_bdb7s
-0.55,0.0,0.31,2025-08-22 09:04:53.389060+00:00,-OYG0WH_7XoAaryRTbb8
-0.49,0.0,0.31,2025-08-22 09:04:54.391058+00:00,-OYG0WXlvj4SqFWro49I
-0.49,0.0,0.31,2025-08-22 09:04:55.393310+00:00,-OYG0WlkuZfivFZFT0Ay
-0.55,0.0,0.31,2025-08-22 09:04:56.395437+00:00,-OYG0X0VclW33JQzzOuI
-0.55,0.0,0.37,2025-08-22 09:04:57.397614+00:00,-OYG0XGCO36EZ0CjBHlL
-0.61,0.18,0.43,2025-08-22 09:04:58.399828+00:00,-OYG0XVhrI6EPkidnNx4
35.34,-2.81,-38.64,2025-08-22 09:04:59.402122+00:00,-OYG0XkUruk0XWHnVDWC
-5.13,6.04,9.28,2025-08-22 09:05:00.404213+00:00,-OYG0Y-YKOzazmZ1HR7v
-1.53,-19.1,-6.16,2025-08-22 09:05:01.406536+00:00,-OYG0YEvi75RctGo7uiK
0.37,21.06,7.39,2025-08-22 09:05:02.408746+00:00,-OYG0YUscjTS9xma05YM
-1.89,-3.05,3.91,2025-08-22 09:05:03.410964+00:00,-OYG0YjIbp7fsk7bmIkF
-2.69,-8.61,3.48,2025-08-22 09:05:04.413257+00:00,-OYG0YyjgmBPinr9bnJu
0.98,9.89,-1.1,2025-08-22 09:05:05.415373+00:00,-OYG0ZDtTj_OYIthpoBO
-0.61,-1.04,0.43,2025-08-22 09:05:06.417632+00:00,-OYG0ZT44cs2AzpLbeDw
-1.46,-5.62,1.28,2025-08-22 09:05:07.419886+00:00,-OYG0ZhvPhQrZbW5rdnM
0.43,5.74,-0.79,2025-08-22 09:05:08.422152+00:00,-OYG0ZxQGO8DdZBID1qc
-0.73,-1.71,0.61,2025-08-22 09:05:09.424381+00:00,-OYG0_C7g9h7t1e6840Z
-0.98,-2.62,0.85,2025-08-22 09:05:10.426650+00:00,-OYG0_SD-Ruxnb435a8_
-0.18,3.54,-0.31,2025-08-22 09:05:11.428802+00:00,-OYG0_hbQFF1YnvqJl9q
-0.67,-1.83,0.61,2025-08-22 09:05:12.431092+00:00,-OYG0_wAKYuqqSZdZ1li
-0.79,-0.24,0.43,2025-08-22 09:05:13.433508+00:00,-OYG0aBX1OIVqzzOMHnn
-0.37,1.53,0.0,2025-08-22 09:05:14.435725+00:00,-OYG0aQnpnJr55Kk0bxG
-0.73,-1.59,0.55,2025-08-22 09:05:15.437919+00:00,-OYG0af5G5OjdvW2Ct9T
-0.49,0.79,0.18,2025-08-22 09:05:16.440043+00:00,-OYG0avlSDi0w4o_EiNM
-0.31,0.12,0.37,2025-08-22 09:05:17.442225+00:00,-OYG0b9eauY0m816FvdD
-0.55,-0.61,0.43,2025-08-22 09:05:18.444475+00:00,-OYG0bPHkmbU5kUvthBh
-0.49,0.79,0.18,2025-08-22 09:05:19.446642+00:00,-OYG0bdv5l2L0ZtRRYTf
-0.55,-0.61,0.43,2025-08-22 09:05:20.448912+00:00,-OYG0btrzGFb0O2OzFen
-0.49,0.31,0.31,2025-08-22 09:05:21.451118+00:00,-OYG0c8WzbfaX6fGhzXV
-0.49,0.0,0.31,2025-08-22 09:05:22.453236+00:00,-OYG0cOQps6niGIcz1G1
-0.67,-0.31,0.37,2025-08-22 09:05:23.455570+00:00,-OYG0cceyRfcow2rhTMS
-0.49,0.31,0.31,2025-08-22 09:05:24.457756+00:00,-OYG0csZ9NzKcdn7TCAi
-0.49,-0.24,0.37,2025-08-22 09:05:25.459978+00:00,-OYG0d7OzXs3naafm4xT
-0.43,0.31,0.31,2025-08-22 09:05:26.462150+00:00,-OYG0dMSo_AqYjXZQtpS
-0.49,-0.12,0.37,2025-08-22 09:05:27.464401+00:00,-OYG0ddOpr9bghGnbnxs
-0.61,-0.06,0.37,2025-08-22 09:05:28.466723+00:00,-OYG0dqkkHvygQ-pVe0p
-0.43,0.12,0.31,2025-08-22 09:05:29.468900+00:00,-OYG0e5e2uApNljKBbZA
-0.55,-0.12,0.37,2025-08-22 09:05:30.471127+00:00,-OYG0eM5_JRA16G1XbFl
-0.61,0.24,0.31,2025-08-22 09:05:31.473336+00:00,-OYG0eaBPWqOHvVsRoYo
-0.55,-0.18,0.37,2025-08-22 09:05:32.475626+00:00,-OYG0epLlu0K4Ip7s2n6
-0.55,0.06,0.31,2025-08-22 09:05:33.477733+00:00,-OYG0f46BzfQ-M_B8GK9
-0.55,0.0,0.31,2025-08-22 09:05:34.479713+00:00,-OYG0fK-k2eagyYTsncD
-0.61,0.0,0.37,2025-08-22 09:05:35.481940+00:00,-OYG0fZIpF6HApJgjpyn
-0.55,0.12,0.31,2025-08-22 09:05:36.484123+00:00,-OYG0foCu3lUT8X3qMTn
-0.55,-0.12,0.31,2025-08-22 09:05:37.486416+00:00,-OYG0g2XJU03FaExd1Fl
-0.55,0.06,0.31,2025-08-22 09:05:38.488597+00:00,-OYG0gJAx_tk69434rS1
-0.55,-0.06,0.37,2025-08-22 09:05:39.490906+00:00,-OYG0gY3U5iVeHCQ9SMG
-0.55,0.06,0.31,2025-08-22 09:05:40.493122+00:00,-OYG0gmb8j5cEt7-AJQq
-0.55,0.06,0.31,2025-08-22 09:05:41.494986+00:00,-OYG0h1YDqsmhdmT_0qm
-0.49,0.0,0.37,2025-08-22 09:05:42.497215+00:00,-OYG0hHR7y-HFPXYrdBG
-0.55,0.06,0.31,2025-08-22 09:05:43.499291+00:00,-OYG0hWdN2eAxkQT1Ef4
-0.49,-0.06,0.37,2025-08-22 09:05:44.501536+00:00,-OYG0hmyakN9zxG2MqLt
-0.67,0.06,0.31,2025-08-22 09:05:45.503687+00:00,-OYG0i-vRXGNnLnpTxew
-0.67,0.12,0.31,2025-08-22 09:05:46.505889+00:00,-OYG0iF_HHZfjRzQpDL1
-0.55,-0.24,0.31,2025-08-22 09:05:47.508101+00:00,-OYG0iVaYngVjnLsEe4W
-0.55,0.12,0.31,2025-08-22 09:05:48.510135+00:00,-OYG0ikEvjDzrFBNUZ67
-0.61,0.12,0.37,2025-08-22 09:05:49.512311+00:00,-OYG0j-RBaW48SgkFRNj
-0.49,0.12,0.37,2025-08-22 09:05:50.514518+00:00,-OYG0jESPhBjLTRggXoI
-0.61,-0.24,0.31,2025-08-22 09:05:51.516737+00:00,-OYG0jTy5Sx2gqCEig4z
-0.55,-0.06,0.31,2025-08-22 09:05:52.519157+00:00,-OYG0jigCP0sewEn5fWg
-0.73,0.0,0.37,2025-08-22 09:05:53.521299+00:00,-OYG0k15Z-LySNg23qtY
-0.61,0.0,0.31,2025-08-22 09:05:54.523345+00:00,-OYG0kDExNnLdttjQBiP
-0.67,0.06,0.31,2025-08-22 09:05:55.525569+00:00,-OYG0kSaSbrssct3UAIi
-0.61,0.0,0.37,2025-08-22 09:05:56.527794+00:00,-OYG0kha1BNjoNId0oqC
-0.67,-0.12,0.31,2025-08-22 09:05:57.530057+00:00,-OYG0kx5YV49k0J1EFtU
-0.55,0.0,0.31,2025-08-22 09:05:58.532244+00:00,-OYG0lBOPwHgNVdScu7w
-0.55,0.06,0.31,2025-08-22 09:05:59.534372+00:00,-OYG0lRJUSjQYH65RLf6
-0.55,0.0,0.31,2025-08-22 09:06:00.536474+00:00,-OYG0lgkj91jpnyMtLgu
-0.55,0.0,0.31,2025-08-22 09:06:01.538697+00:00,-OYG0lvRu3QZ_hGkvBdb
-0.49,0.0,0.37,2025-08-22 09:06:02.540819+00:00,-OYG0mB3xNOSrxIYD4Y8
-0.55,0.0,0.31,2025-08-22 09:06:03.543050+00:00,-OYG0mPfbhvPKkrWRLwu
-0.61,0.12,0.31,2025-08-22 09:06:04.545233+00:00,-OYG0me9SWJdnW6hZ3bZ
-0.61,0.18,0.37,2025-08-22 09:06:05.547348+00:00,-OYG0muaQwP-mmWMBxKv
-0.55,-15.63,0.31,2025-08-22 09:06:06.549678+00:00,-OYG0n8Yr0vaD8DrejDZ
-0.55,0.06,0.31,2025-08-22 09:06:07.551847+00:00,-OYG0nOMNBd9OIZxK6ZO
41.44,-226.93,-197.2,2025-08-22 09:06:08.554195+00:00,-OYG0ncqKxn-TfkEnLhS
3.11,-17.4,29.3,2025-08-22 09:06:09.556484+00:00,-OYG0nscBNiW3_fvSDZl
-21.85,184.45,252.99,2025-08-22 09:06:10.558683+00:00,-OYG0o76DwF5VV0gVFFk
58.11,117.49,104.92,2025-08-22 09:06:11.560911+00:00,-OYG0oOpgpJVFsk25G2g
251.83,-7.75,31.31,2025-08-22 09:06:12.563183+00:00,-OYG0ocCN-g77iyyMw_n
-2.56,21.3,24.84,2025-08-22 09:06:13.565434+00:00,-OYG0osVVtHBGM6eAY-_
-3.42,2.75,-0.85,2025-08-22 09:06:14.567621+00:00,-OYG0p5vd0hUO_oCzn3S
0.31,-4.33,-1.4,2025-08-22 09:06:15.570112+00:00,-OYG0pLSvzkHZBeYezLj
-1.28,2.44,0.67,2025-08-22 09:06:16.572154+00:00,-OYG0paju_HXMjc34SPj
-0.73,-1.1,0.55,2025-08-22 09:06:17.574576+00:00,-OYG0pptwDQtVEs-Jqn9
-0.43,0.37,0.0,2025-08-22 09:06:18.576352+00:00,-OYG0q4n0iu6T7_rhZKB
-0.73,0.24,-0.49,2025-08-22 09:06:19.578525+00:00,-OYG0qNLbABg-GCW28_I
-0.31,0.24,0.0,2025-08-22 09:06:20.580727+00:00,-OYG0q_LfrIANhdqrgGq
-0.37,0.18,0.0,2025-08-22 09:06:21.582714+00:00,-OYG0qouyQktd5BE7UOM
0.06,-0.18,0.12,2025-08-22 09:06:22.584962+00:00,-OYG0r4ED-1dwU2brS6v
0.06,0.18,0.24,2025-08-22 09:06:23.587196+00:00,-OYG0rJFjnFk9PXUkYCw
-0.61,-0.06,0.31,2025-08-22 09:06:24.589436+00:00,-OYG0rYqb-oyNIrNug6F
-0.37,-0.12,0.18,2025-08-22 09:06:25.591542+00:00,-OYG0rnEVUvSaINWUk7L
-0.92,-0.18,0.67,2025-08-22 09:06:26.593763+00:00,-OYG0s2Xj3nj_An4APpG
-0.37,0.31,0.0,2025-08-22 09:06:27.595745+00:00,-OYG0sHeLhCn3uX6bDqR
-0.24,0.0,0.18,2025-08-22 09:06:28.597932+00:00,-OYG0sXWrdWL2EJUFTBP
-0.61,0.06,0.37,2025-08-22 09:06:29.600080+00:00,-OYG0smWaZfn8IP_Tbl1
-0.49,0.0,0.43,2025-08-22 09:06:30.602287+00:00,-OYG0t0dqSRQ9BvyPcYv
-0.43,-0.12,0.61,2025-08-22 09:06:31.604570+00:00,-OYG0tGm8h91iFjVyi8M
-0.73,0.06,0.55,2025-08-22 09:06:32.606745+00:00,-OYG0tWLkSjbtZVCwV8v
-0.61,-0.12,0.43,2025-08-22 09:06:33.609003+00:00,-OYG0tksCJWYTuJ_DS80
-0.55,0.06,0.37,2025-08-22 09:06:34.611408+00:00,-OYG0u-dR-HEzn1qkzLm
-0.61,0.12,0.43,2025-08-22 09:06:35.613426+00:00,-OYG0uFNF_lXxfYJ-H5Z
-0.55,0.06,0.18,2025-08-22 09:06:36.615621+00:00,-OYG0uUyWBuRhlAnUKAj
-0.55,0.12,0.37,2025-08-22 09:06:37.617868+00:00,-OYG0ujHRuGUjlsjt0XI
-0.55,-0.06,0.37,2025-08-22 09:06:38.620153+00:00,-OYG0uz10EZClUP35kCf
-0.55,0.0,0.18,2025-08-22 09:06:39.622288+00:00,-OYG0vDajRmGowb5oNiR
-0.49,0.0,0.37,2025-08-22 09:06:40.624469+00:00,-OYG0vSypzY6NKnDowmH
-0.55,0.18,0.24,2025-08-22 09:06:41.626623+00:00,-OYG0vhgSDslF0ZG6mf_
-0.55,0.24,0.18,2025-08-22 09:06:42.628809+00:00,-OYG0vxKy9NipfVBwCuI
-0.49,0.06,0.12,2025-08-22 09:06:43.630983+00:00,-OYG0wC6WG78ienhFY_9
-0.67,0.06,0.37,2025-08-22 09:06:44.633225+00:00,-OYG0wSVg8gO7abM-Or7
-0.61,0.12,0.0,2025-08-22 09:06:45.635473+00:00,-OYG0whq2QnCkbrYCLZ4
-0.92,-0.85,0.73,2025-08-22 09:06:46.637729+00:00,-OYG0wxoMqANAjX_LvOP
-1.04,-0.55,0.79,2025-08-22 09:06:47.639929+00:00,-OYG0xBgn4G1lKtUY3qx
-0.79,-0.61,-0.55,2025-08-22 09:06:48.642336+00:00,-OYG0xR-Bmmusmu3V061
-0.55,-0.06,0.31,2025-08-22 09:06:49.644587+00:00,-OYG0xfpQduOOJhW93AT
-0.31,-0.31,0.61,2025-08-22 09:06:50.646920+00:00,-OYG0xuwStHUC72Zlct6
-1.28,-0.24,0.92,2025-08-22 09:06:51.649055+00:00,-OYG0y9qT-B4XlaTziYA
-0.24,0.24,0.24,2025-08-22 09:06:52.651309+00:00,-OYG0yPfAWeGSLQzf4oI
-0.98,0.18,0.18,2025-08-22 09:06:53.653590+00:00,-OYG0yfHNhTGlU6HHFit
-0.31,0.06,0.55,2025-08-22 09:06:54.655796+00:00,-OYG0ytt0FpoRpiLIgsz
-0.61,0.06,-0.12,2025-08-22 09:06:55.658169+00:00,-OYG0z99l0tsORxurj-W
-0.55,0.18,0.12,2025-08-22 09:06:56.660482+00:00,-OYG0zNNkQMj4JlV0A23
-1.04,0.0,0.31,2025-08-22 09:06:57.662665+00:00,-OYG0zcKEdkWgHTuWx1-
-1.22,0.06,0.37,2025-08-22 09:06:58.664894+00:00,-OYG0zsZdSQ-MDT9gJCv
0.31,0.06,0.0,2025-08-22 09:06:59.667061+00:00,-OYG1-74VedEiElFF8BV
-0.18,0.0,0.73,2025-08-22 09:07:00.669343+00:00,-OYG1-N2E15mwrMlz6Ev
-0.55,0.18,0.37,2025-08-22 09:07:01.671618+00:00,-OYG1-bLs0L5X8iz57T3
-0.61,0.0,0.18,2025-08-22 09:07:02.673789+00:00,-OYG1-rL2atMCIJpUng0
-1.22,0.18,0.18,2025-08-22 09:07:03.676084+00:00,-OYG105Fi9OQ8mRcPpya
-0.98,0.06,0.12,2025-08-22 09:07:04.678314+00:00,-OYG10Lenf1d20eC9R-H
-0.43,0.0,0.37,2025-08-22 09:07:05.680521+00:00,-OYG10aBIVwOu-Up39iq
-1.16,-0.12,0.43,2025-08-22 09:07:06.682904+00:00,-OYG10qXeJcwXEWnouOX
0.24,0.24,0.0,2025-08-22 09:07:07.685271+00:00,-OYG114VbZx38kg4ZLG9
-0.18,0.61,0.06,2025-08-22 09:07:08.687459+00:00,-OYG11J_1kWDBG1u_H_J
-0.61,0.24,0.18,2025-08-22 09:07:09.689830+00:00,-OYG11ZuO3TQgr0ljNKn
-0.37,0.0,0.37,2025-08-22 09:07:10.691893+00:00,-OYG11oJKPlq9hZXeLwl
-1.04,0.0,0.43,2025-08-22 09:07:11.694121+00:00,-OYG122o-q7Gqtt6mnjv
-0.55,0.18,0.18,2025-08-22 09:07:12.696373+00:00,-OYG12IAcRwVI7wwk2TU
-0.49,0.0,0.37,2025-08-22 09:07:13.698562+00:00,-OYG12YY5QjST-cTsO-i
-0.73,-0.49,0.92,2025-08-22 09:07:14.700836+00:00,-OYG12mU7SypPQRK-loe
-0.55,0.12,0.37,2025-08-22 09:07:15.703090+00:00,-OYG131SbBuAIExB2MY8
-0.55,-0.49,0.24,2025-08-22 09:07:16.705345+00:00,-OYG13GujjGIvzyxfmhj
-0.49,0.55,0.12,2025-08-22 09:07:17.707596+00:00,-OYG13XaAraK6jSWdwb9
-0.55,-0.55,0.43,2025-08-22 09:07:18.709863+00:00,-OYG13lU3ih8VjbfysyW
-0.55,0.37,0.31,2025-08-22 09:07:19.712022+00:00,-OYG140BkJy612RDdxxV
-0.55,-0.18,0.37,2025-08-22 09:07:20.714340+00:00,-OYG14FKsEpk1djUhIpS
-0.49,0.06,0.31,2025-08-22 09:07:21.716547+00:00,-OYG14V_bxk2HDLPsg9A
-0.55,-0.12,0.31,2025-08-22 09:07:22.718870+00:00,-OYG14kXeh0n9__NL0PQ
-0.61,0.24,0.37,2025-08-22 09:07:23.721040+00:00,-OYG14zwisNnX_jSJa7r
-0.55,-0.06,0.31,2025-08-22 09:07:24.723277+00:00,-OYG15EaS9mqXWzi2Xfq
-0.55,0.06,0.37,2025-08-22 09:07:25.725506+00:00,-OYG15UUjHVx0YRsNXJS
-0.55,0.0,0.31,2025-08-22 09:07:26.727854+00:00,-OYG15iXPnbp9z80dQgg
-0.31,0.24,0.06,2025-08-22 09:07:27.730055+00:00,-OYG15yh0sKhEAzePIfw
-0.49,0.18,0.12,2025-08-22 09:07:28.732208+00:00,-OYG16D1ly-4dR_QVRpE
-0.06,-0.06,0.31,2025-08-22 09:07:29.734667+00:00,-OYG16SRi9dGtE9i5Whx
-4.21,-5.68,14.28,2025-08-22 09:07:30.737015+00:00,-OYG16h0BMiBggu8si57
-0.43,3.23,0.67,2025-08-22 09:07:31.739246+00:00,-OYG16wkrgKoJ0hDx5k0
-1.28,-5.92,1.71,2025-08-22 09:07:32.741441+00:00,-OYG17Byu9CK1mO1UmoN
0.0,-0.79,-1.4,2025-08-22 09:07:33.743781+00:00,-OYG17RN6da5q5CAuGGh
-1.77,4.03,0.43,2025-08-22 09:07:34.745984+00:00,-OYG17gOF0Ibt20_4MGt
-0.67,-2.38,0.37,2025-08-22 09:07:35.748209+00:00,-OYG17vkd3Gp94wHAm39
-0.49,0.67,0.31,2025-08-22 09:07:36.750446+00:00,-OYG18B8mnGc6otZghlB
-0.73,-0.79,0.43,2025-08-22 09:07:37.752987+00:00,-OYG18Q4sR8uOaSr0Wl_
-0.61,0.31,0.31,2025-08-22 09:07:38.755203+00:00,-OYG18fTjrqzsveebYuh
-0.43,0.0,0.37,2025-08-22 09:07:39.757399+00:00,-OYG18uFxo_EUSZYp-PP
-1.46,0.31,1.95,2025-08-22 09:07:40.759629+00:00,-OYG198bkwSpOXBuE_NX
-0.06,-3.05,0.0,2025-08-22 09:07:41.761967+00:00,-OYG19OAJnjizfzrVXv2
-0.24,1.28,-0.55,2025-08-22 09:07:42.764247+00:00,-OYG19d9AD6hdfTzk-Ky
-0.37,-0.06,0.06,2025-08-22 09:07:43.766484+00:00,-OYG19sikWovivcDnR2d
-0.61,-0.85,0.55,2025-08-22 09:07:44.768768+00:00,-OYG1A7uFZz6PNAm_MOf
-0.61,1.34,0.24,2025-08-22 09:07:45.770959+00:00,-OYG1ANAhoZqTXBtm20D
-0.61,-1.1,0.55,2025-08-22 09:07:46.773258+00:00,-OYG1AblCY5xN20zT7GD
-0.85,-0.24,-0.06,2025-08-22 09:07:47.775573+00:00,-OYG1ArZiVsxHLYgxqFF
1.1,-0.55,-1.95,2025-08-22 09:07:48.777819+00:00,-OYG1B6U3BbvzJQ2KKzP
0.24,0.73,-1.04,2025-08-22 09:07:49.780078+00:00,-OYG1BLSGVLmnyCGlZtK
-0.18,0.18,-0.06,2025-08-22 09:07:50.782423+00:00,-OYG1Bazis9F8nNx_kNm
-0.85,0.49,0.49,2025-08-22 09:07:51.784600+00:00,-OYG1BqStIM10mOsZdMw
-0.98,0.79,0.18,2025-08-22 09:07:52.786884+00:00,-OYG1C4NjvtKvh7gJ0Bh
0.18,-0.92,0.79,2025-08-22 09:07:53.789380+00:00,-OYG1CKU6qJr76SqQdHA
-0.12,-0.24,-0.06,2025-08-22 09:07:54.791677+00:00,-OYG1C_4Z8ZCcMR9Fzmx
-0.31,-0.85,0.73,2025-08-22 09:07:55.793978+00:00,-OYG1Codh-tZdIhZZ4er
-0.55,0.18,0.49,2025-08-22 09:07:56.796087+00:00,-OYG1D3yc-XCmyWy1YoF
-0.55,0.12,0.43,2025-08-22 09:07:57.798342+00:00,-OYG1DJHO48_f2nP35TL
-0.55,-0.18,0.37,2025-08-22 09:07:58.800728+00:00,-OYG1DYi3RMp_vLdJr0Y
-0.55,0.24,0.24,2025-08-22 09:07:59.802921+00:00,-OYG1DnPlgYbs08fUzVc
-0.55,-0.24,0.37,2025-08-22 09:08:00.805214+00:00,-OYG1E1vR6IJ1lbshmm_
-0.55,0.24,0.31,2025-08-22 09:08:01.807534+00:00,-OYG1EHOwDme7ULFDFeN
-0.49,-0.06,0.37,2025-08-22 09:08:02.809804+00:00,-OYG1EXS94U0PRrmKije
-0.55,0.06,0.31,2025-08-22 09:08:03.812057+00:00,-OYG1Em5QPdTXrrSPmrM
-0.49,0.06,0.31,2025-08-22 09:08:04.814317+00:00,-OYG1F0q6N1q2E5wEZmO
-0.49,-0.18,0.31,2025-08-22 09:08:05.816622+00:00,-OYG1FHT_FEE8INKi4_-
-0.55,0.12,0.31,2025-08-22 09:08:06.818937+00:00,-OYG1FX6piqVPM1NrYgu
-0.55,-0.06,0.37,2025-08-22 09:08:07.821085+00:00,-OYG1FkghgX4HDCoS3Wn
-0.55,0.12,0.31,2025-08-22 09:08:08.823343+00:00,-OYG1G-Zr99VYVp0TJSW
-0.55,0.0,0.37,2025-08-22 09:08:09.825798+00:00,-OYG1GF-Wy0Z40Z6CcqO
-0.55,0.0,0.31,2025-08-22 09:08:10.827905+00:00,-OYG1GVe0bP3IXQzmwHY
-0.55,0.06,0.31,2025-08-22 09:08:11.830145+00:00,-OYG1GjNsB77DTIhif2P
-0.55,0.0,0.37,2025-08-22 09:08:12.832483+00:00,-OYG1Gyd0OJEXCL8y4B9
-0.55,0.06,0.31,2025-08-22 09:08:13.834770+00:00,-OYG1HEHLXhm8KCVSXhC
-0.55,-0.06,0.31,2025-08-22 09:08:14.837089+00:00,-OYG1HTMKGJzlGzUMlLz
-0.61,0.12,0.37,2025-08-22 09:08:15.839251+00:00,-OYG1HiJCo8R8A6sXNqx
-0.49,0.06,0.49,2025-08-22 09:08:16.841456+00:00,-OYG1HxtxjMyw6tb8q7n
-0.61,0.06,0.31,2025-08-22 09:08:17.843841+00:00,-OYG1IC26EPCFscLzJd1
-0.55,0.0,0.24,2025-08-22 09:08:18.846078+00:00,-OYG1IRzzOW5QV4_srPr
-0.55,-0.06,0.37,2025-08-22 09:08:19.848274+00:00,-OYG1IgnHP3XnrLCjke6
-0.55,0.06,0.37,2025-08-22 09:08:20.850610+00:00,-OYG1IwiZiPKT1-vWFNq
-0.55,0.0,0.37,2025-08-22 09:08:21.852799+00:00,-OYG1JAU2aAE-RPBnT_U
-0.55,0.06,0.37,2025-08-22 09:08:22.855047+00:00,-OYG1JQebTjJ8GY-UVy8
-0.55,-0.06,0.31,2025-08-22 09:08:23.857574+00:00,-OYG1Jew6T4WoB22Pgef
-0.55,0.06,0.31,2025-08-22 09:08:24.859778+00:00,-OYG1Juz9IcHUwMHqs5X
-0.55,-0.06,0.37,2025-08-22 09:08:25.862231+00:00,-OYG1K96cRKI9fMHBs0L
-0.55,0.06,0.37,2025-08-22 09:08:26.864290+00:00,-OYG1KP6bIka-OvtSRPU
-0.55,0.0,0.31,2025-08-22 09:08:27.866570+00:00,-OYG1KdzPozPN4DfzmGB
-0.55,0.0,0.37,2025-08-22 09:08:28.868867+00:00,-OYG1Ktidy08iBRKK5H1
-0.55,0.06,0.31,2025-08-22 09:08:29.871135+00:00,-OYG1L81iSaIM6xOQwML
-0.55,-0.06,0.37,2025-08-22 09:08:30.873410+00:00,-OYG1LO0iGpvs604c2_l
-0.61,0.12,0.31,2025-08-22 09:08:31.875609+00:00,-OYG1Lc5_tP4Dn5Cm9yQ
-0.55,0.0,0.31,2025-08-22 09:08:32.877740+00:00,-OYG1Ls9IBfq_rjjiVaG
-0.49,0.0,0.31,2025-08-22 09:08:33.880031+00:00,-OYG1M6jzABR1oKbC2gp
-0.55,0.0,0.37,2025-08-22 09:08:34.882206+00:00,-OYG1MMGCJFT0hhxpGU_
-0.61,0.06,0.31,2025-08-22 09:08:35.884480+00:00,-OYG1MbCfzcuydEdZc4N
-0.55,0.06,0.31,2025-08-22 09:08:36.886809+00:00,-OYG1MqsjtNNmcF3ORXl
-0.55,0.0,0.37,2025-08-22 09:08:37.888901+00:00,-OYG1N5Ts7OIKIXAMOMA
-0.55,0.06,0.31,2025-08-22 09:08:38.891072+00:00,-OYG1NLVpH48H6APCBhM
-0.55,0.0,0.31,2025-08-22 09:08:39.893354+00:00,-OYG1N_u6uaybD9K49ym
-0.55,0.06,0.31,2025-08-22 09:08:40.895577+00:00,-OYG1Np6juOkuphrGUEo
-0.55,0.0,0.37,2025-08-22 09:08:41.897784+00:00,-OYG1O4fFb-8a7rlYTh0
-0.55,0.0,0.31,2025-08-22 09:08:42.900019+00:00,-OYG1OKHipQGWcVLNYYI
-0.55,0.06,0.31,2025-08-22 09:08:43.902257+00:00,-OYG1OZWbj1fo0YQhwNB
-0.55,0.0,0.37,2025-08-22 09:08:44.904473+00:00,-OYG1Oo6t8xJeRK9a4rx
-0.55,0.06,0.31,2025-08-22 09:08:45.906693+00:00,-OYG1P3UrC0tUZCjCDW4
-0.61,0.0,0.37,2025-08-22 09:08:46.908900+00:00,-OYG1PIzis4AkgWa5c3q
-0.55,0.0,0.31,2025-08-22 09:08:47.911343+00:00,-OYG1PYDgRCz4GB9S4D7
-0.61,0.0,0.31,2025-08-22 09:08:48.913470+00:00,-OYG1PmTV7KxVAZnFdxL
-0.55,0.0,0.37,2025-08-22 09:08:49.915718+00:00,-OYG1Q1ewI8GQR8mUPO2
-0.55,0.06,0.37,2025-08-22 09:08:50.918089+00:00,-OYG1QH3htjuJk06NSuo
-0.55,0.06,0.37,2025-08-22 09:08:51.920324+00:00,-OYG1QWoyCF2aFPeilp4
-0.55,0.06,0.37,2025-08-22 09:08:52.922608+00:00,-OYG1Qm7lmlQYUnpPrGj
-0.55,0.06,0.37,2025-08-22 09:08:53.924779+00:00,-OYG1R0Cz_-DwTpvOWh_
-0.55,0.0,0.31,2025-08-22 09:08:54.926929+00:00,-OYG1RFmnDS5pTELNG3W
-0.55,0.06,0.31,2025-08-22 09:08:55.929218+00:00,-OYG1RVFIb5aDrNEN2jw
-0.55,0.0,0.31,2025-08-22 09:08:56.931427+00:00,-OYG1RjlCB2HiXd-GlWO
-0.61,0.06,0.31,2025-08-22 09:08:57.933637+00:00,-OYG1RzRKTpX4H6X_heh
1.71,94.91,-138.92,2025-08-22 09:08:58.936108+00:00,-OYG1SE9ejgS4-8LZvA3
-74.65,35.4,-28.38,2025-08-22 09:08:59.938450+00:00,-OYG1SUHHg3VSKQSgv-j
-0.61,0.12,0.31,2025-08-22 09:09:00.940713+00:00,-OYG1SiSYudd3cDWzd7t
-0.61,0.0,0.37,2025-08-22 09:09:01.942941+00:00,-OYG1Sy7cxmtSD5FqixM
-0.55,0.06,0.31,2025-08-22 09:09:02.945156+00:00,-OYG1TD3shiOWEV30XhE
-0.55,0.06,0.37,2025-08-22 09:09:03.947353+00:00,-OYG1TS_Uai4GHn1pajb
-0.61,0.06,0.31,2025-08-22 09:09:04.949498+00:00,-OYG1Tgw9_1VBhrUAZq_
-0.55,0.06,0.31,2025-08-22 09:09:05.951751+00:00,-OYG1Tx9waLwo065uWlP
-0.49,0.06,0.31,2025-08-22 09:09:06.953993+00:00,-OYG1UBNBL1GXDFJZbFP
-0.55,0.0,0.31,2025-08-22 09:09:07.956131+00:00,-OYG1URKIkt7-i52Xvhw
-0.55,0.06,0.31,2025-08-22 09:09:08.958428+00:00,-OYG1UgJGAG8pDWA12Kb
-0.61,0.0,0.31,2025-08-22 09:09:09.960831+00:00,-OYG1UvmV1Q3zi9-q950
-0.61,0.0,0.37,2025-08-22 09:09:10.963104+00:00,-OYG1V9gYN0hG_RINaQn
-0.61,0.06,0.37,2025-08-22 09:09:11.965276+00:00,-OYG1VRdG7FCfqEtd9U_
-0.55,0.06,0.31,2025-08-22 09:09:12.967556+00:00,-OYG1VembS3yU_2kCP2m
-0.55,0.0,0.37,2025-08-22 09:09:13.969685+00:00,-OYG1VuRq3JzxrqK98wg
-0.55,0.0,0.37,2025-08-22 09:09:14.971953+00:00,-OYG1W98RDRxWoOowgMd
-0.55,0.06,0.31,2025-08-22 09:09:15.974084+00:00,-OYG1WOdebaIblanOW_c
-0.61,0.06,0.31,2025-08-22 09:09:16.976347+00:00,-OYG1WdP-HX9h5itnM8Q
-0.61,0.0,0.37,2025-08-22 09:09:17.978664+00:00,-OYG1WsdhqegVXE3NKR0
-0.61,0.06,0.31,2025-08-22 09:09:18.980853+00:00,-OYG1X82vzePYrguO_Yr
-0.61,0.06,0.37,2025-08-22 09:09:19.983063+00:00,-OYG1XNfkXe9fdLfJtmr
-0.55,0.0,0.31,2025-08-22 09:09:20.985350+00:00,-OYG1Xc837MPUDi4meqo
-0.49,0.0,0.31,2025-08-22 09:09:21.987564+00:00,-OYG1Xrt5efRUjE_Wz6W
-0.61,0.0,0.31,2025-08-22 09:09:22.989767+00:00,-OYG1Y6O0sKu9cIZJDJM
-0.61,0.06,0.31,2025-08-22 09:09:23.991867+00:00,-OYG1YLbXGNQVKtFUlGe
-0.61,0.06,0.31,2025-08-22 09:09:24.994144+00:00,-OYG1YaplMaysRLoUJRg
-0.55,0.06,0.31,2025-08-22 09:09:25.996382+00:00,-OYG1Yq9at_sQz63dN8L
-0.55,0.0,0.31,2025-08-22 09:09:26.998523+00:00,-OYG1Z5HCO6sKPivy4f5
-0.61,0.0,0.37,2025-08-22 09:09:28.000686+00:00,-OYG1ZKwlqiBbCekwsTJ
-0.55,0.06,0.37,2025-08-22 09:09:29.002923+00:00,-OYG1Z_FSHxoeiqv8xlC
-0.55,0.0,0.37,2025-08-22 09:09:30.005024+00:00,-OYG1Zp0oP76SZSMnz2L
-0.61,0.06,0.31,2025-08-22 09:09:31.007308+00:00,-OYG1_3j0KYMbWqKMdv3
-0.61,0.06,0.37,2025-08-22 09:09:32.009653+00:00,-OYG1_JLfBqF-9VIjSG_
-0.55,0.06,0.37,2025-08-22 09:09:33.011860+00:00,-OYG1_Y_7OS6Qp8iSrp9
-0.55,0.0,0.31,2025-08-22 09:09:34.014081+00:00,-OYG1_n-8JmoyinIo2Nl
-0.61,0.0,0.37,2025-08-22 09:09:35.016192+00:00,-OYG1a2IIuvSiS2JQKHk
-0.55,0.0,0.37,2025-08-22 09:09:36.018457+00:00,-OYG1aHduML8vHhv1IFv
-0.61,0.06,0.37,2025-08-22 09:09:37.020577+00:00,-OYG1aXlDFCHdRdfsgFP
-0.55,0.06,0.24,2025-08-22 09:09:38.022770+00:00,-OYG1alWxBg--E0uOhDN
-0.55,0.0,0.31,2025-08-22 09:09:39.024985+00:00,-OYG1b1-bxS-xce_HrBw
-0.61,0.0,0.37,2025-08-22 09:09:40.027237+00:00,-OYG1bFrzab_1MblLV4H
-0.55,0.06,0.31,2025-08-22 09:09:41.029415+00:00,-OYG1bVkhXKWCQ2sl3u6
-0.55,0.06,0.37,2025-08-22 09:09:42.031686+00:00,-OYG1bl2Xfg-EXg4vhKB
-0.55,0.0,0.31,2025-08-22 09:09:43.033936+00:00,-OYG1c-UcJ7mMkgcnRQ6
-0.61,0.0,0.31,2025-08-22 09:09:44.036009+00:00,-OYG1cEun9PD5QW0-Z4_
-0.61,0.0,0.37,2025-08-22 09:09:45.038194+00:00,-OYG1cUpZp1bcbgxnsYh
-0.55,0.06,0.37,2025-08-22 09:09:46.040556+00:00,-OYG1cjMfDdhwy--X35R
-0.55,0.0,0.31,2025-08-22 09:09:47.042721+00:00,-OYG1cz1GmzKosY4E_5P
-0.55,0.0,0.31,2025-08-22 09:09:48.044848+00:00,-OYG1dDbjBiDcRydcy7i
-0.61,0.0,0.31,2025-08-22 09:09:49.047052+00:00,-OYG1dTHHXK65pYjQnzA
-0.55,0.0,0.31,2025-08-22 09:09:50.049343+00:00,-OYG1djmMOeeTn2QrkF6
-0.49,0.06,0.31,2025-08-22 09:09:51.051586+00:00,-OYG1dxcXO0RtLktkwwP
-0.61,0.06,0.37,2025-08-22 09:09:52.053764+00:00,-OYG1eBqsHpAWPHAIcUf
-0.55,0.0,0.31,2025-08-22 09:09:53.055919+00:00,-OYG1eRjx-VHVa3UFEGC
-0.55,0.0,0.31,2025-08-22 09:09:54.058070+00:00,-OYG1egPUHqZpVq4hji5
-0.55,0.0,0.31,2025-08-22 09:09:55.060267+00:00,-OYG1ewTZ02bRt8mszUJ
-0.61,0.06,0.37,2025-08-22 09:09:56.062658+00:00,-OYG1fBFE4nuZEqTHAOg
-0.55,0.0,0.37,2025-08-22 09:09:57.064896+00:00,-OYG1fQU48bdfkg7wj4p
-0.55,0.0,0.31,2025-08-22 09:09:58.067140+00:00,-OYG1ffOQi_Hu8cO3ICO
-0.61,0.06,0.31,2025-08-22 09:09:59.069259+00:00,-OYG1fuxJL-zzRGyjNjg
-0.55,0.0,0.31,2025-08-22 09:10:00.071441+00:00,-OYG1g9YlyHTZ_3IRn_i
-0.61,0.0,0.31,2025-08-22 09:10:01.073653+00:00,-OYG1gPLvM_DFJYWVxnM
-0.55,0.0,0.31,2025-08-22 09:10:02.075876+00:00,-OYG1gePDOPj8LySq0pm
-0.55,0.06,0.31,2025-08-22 09:10:03.078005+00:00,-OYG1gtZQUGVD6viAskZ
-0.55,0.06,0.31,2025-08-22 09:10:04.080290+00:00,-OYG1h8cxEdwOEyUvGni
-0.61,0.06,0.37,2025-08-22 09:10:05.082431+00:00,-OYG1hOOA6ROL8-OMigM
-0.55,0.0,0.31,2025-08-22 09:10:06.084539+00:00,-OYG1hcU3WZ4L4QptC21
-0.61,0.06,0.31,2025-08-22 09:10:07.086780+00:00,-OYG1htTKsW4AcEEZ0Kr
-0.55,0.06,0.31,2025-08-22 09:10:08.089019+00:00,-OYG1i7aX3iX7Irg4PLP
-0.55,0.06,0.37,2025-08-22 09:10:09.091204+00:00,-OYG1iNZtWpaSIet-whi
-0.61,0.0,0.31,2025-08-22 09:10:10.093491+00:00,-OYG1ic4JBj_kj0wDlht
-0.61,0.06,0.31,2025-08-22 09:10:11.095705+00:00,-OYG1irqGvTVwhMeiGQ6
-0.55,0.0,0.31,2025-08-22 09:10:12.097886+00:00,-OYG1j5aceQ7ONl7nFFO
-0.61,0.06,0.31,2025-08-22 09:10:13.100065+00:00,-OYG1jLsZcNj7QhHI6AM
-0.55,0.06,0.31,2025-08-22 09:10:14.102245+00:00,-OYG1j_igFXpDHohJaxB
-0.55,0.06,0.37,2025-08-22 09:10:15.104509+00:00,-OYG1jpmWkdRjXoqp1KU
-0.61,0.0,0.37,2025-08-22 09:10:16.106798+00:00,-OYG1k4Rk1BYNxMUfCjl
-0.55,0.0,0.31,2025-08-22 09:10:17.108919+00:00,-OYG1kK-83G2U8peTlH9
-0.55,0.0,0.37,2025-08-22 09:10:18.111122+00:00,-OYG1kZmLJMuy91CpuVa
-0.61,0.06,0.37,2025-08-22 09:10:19.113316+00:00,-OYG1koBJEqIPhdahGAc
-0.55,0.0,0.31,2025-08-22 09:10:20.115595+00:00,-OYG1l2kYempvYeEK4x5
-0.61,0.0,0.31,2025-08-22 09:10:21.117880+00:00,-OYG1lJKSO5r2qh9uXxb
-0.61,0.06,0.37,2025-08-22 09:10:22.120369+00:00,-OYG1lXzfSwsWiHq0rGI
-0.55,0.06,0.37,2025-08-22 09:10:23.122573+00:00,-OYG1lnTNefXU02kkNmw
-0.61,0.0,0.37,2025-08-22 09:10:24.124749+00:00,-OYG1m1l24soFe9OxBeh
-0.55,0.0,0.31,2025-08-22 09:10:25.126931+00:00,-OYG1mGz4kN17A2e4lsh
-0.61,0.06,0.31,2025-08-22 09:10:26.129143+00:00,-OYG1mWlgPIWgRQQX3r4
-0.61,0.0,0.31,2025-08-22 09:10:27.131325+00:00,-OYG1mlgiMAnDHWh7oyy
-0.55,0.06,0.31,2025-08-22 09:10:28.133507+00:00,-OYG1n071RbFtjiuu-qr
-0.55,0.0,0.37,2025-08-22 09:10:29.135718+00:00,-OYG1nG4NtPJoLyoKd65
-0.61,0.0,0.37,2025-08-22 09:10:30.137981+00:00,-OYG1nXFixRyHWJsEbth
-0.55,0.0,0.31,2025-08-22 09:10:31.140133+00:00,-OYG1nkNV23r5xSrEQqL
-0.55,0.0,0.31,2025-08-22 09:10:32.142357+00:00,-OYG1o-2Mmap3EmCaMiH
-0.55,0.0,0.31,2025-08-22 09:10:33.144599+00:00,-OYG1oEn8JpKolNYAebk
-0.49,0.0,0.31,2025-08-22 09:10:34.146815+00:00,-OYG1oTvfnCdNsytvvZM
-0.55,0.06,0.31,2025-08-22 09:10:35.149049+00:00,-OYG1oizMNCr6YdR009_
-0.61,0.0,0.31,2025-08-22 09:10:36.151268+00:00,-OYG1oyXtUTdp9XeevDO
-0.61,0.06,0.37,2025-08-22 09:10:37.153542+00:00,-OYG1pD5Z6TDxaoNpn2-
-0.61,0.06,0.31,2025-08-22 09:10:38.155772+00:00,-OYG1pSDYi8f175-G6tQ
-0.55,0.0,0.31,2025-08-22 09:10:39.157955+00:00,-OYG1phdsOtp68qeveN5
-0.55,0.0,0.31,2025-08-22 09:10:40.160135+00:00,-OYG1pxFweTG7nWMpZl-
-0.61,0.06,0.37,2025-08-22 09:10:41.162459+00:00,-OYG1qBl5QtgVnTjQPQf
-0.61,0.0,0.37,2025-08-22 09:10:42.164621+00:00,-OYG1qRG4hGrEjyyS8mJ
-0.61,0.0,0.37,2025-08-22 09:10:43.166842+00:00,-OYG1qh4UWsHVW-H4bWR
-0.61,0.0,0.31,2025-08-22 09:10:44.169071+00:00,-OYG1qwIvnEXa2vvqDnw
-0.55,0.06,0.31,2025-08-22 09:10:45.171247+00:00,-OYG1rA2rPcATcmBD5iR
-0.55,0.0,0.31,2025-08-22 09:10:46.173425+00:00,-OYG1rQFN05u6VRABTbx
-0.61,0.0,0.37,2025-08-22 09:10:47.175665+00:00,-OYG1rekVp4PTHbPtpo3
-0.55,0.06,0.31,2025-08-22 09:10:48.177876+00:00,-OYG1rue3A7tHLGOjZNL
-0.55,0.06,0.37,2025-08-22 09:10:49.180082+00:00,-OYG1s8pIWj-I4xRNl8v
-0.61,0.06,0.31,2025-08-22 09:10:50.182208+00:00,-OYG1sPD9gA0SohXG086
-0.55,0.0,0.31,2025-08-22 09:10:51.184467+00:00,-OYG1sdabvsIk_ZXcW5z
-0.61,0.0,0.31,2025-08-22 09:10:52.186617+00:00,-OYG1stJPDcXDzRn3J0V
-0.61,0.0,0.31,2025-08-22 09:10:53.188803+00:00,-OYG1t7ACDvGCZBKAw1K
-0.55,0.0,0.31,2025-08-22 09:10:54.191074+00:00,-OYG1tNpc486QqeEenfm
-0.55,0.0,0.37,2025-08-22 09:10:55.193356+00:00,-OYG1td7QteWmBIkV5TJ
-0.55,0.0,0.31,2025-08-22 09:10:56.195482+00:00,-OYG1tsDkmsa9xt5mLtI
-0.55,0.0,0.31,2025-08-22 09:10:57.197672+00:00,-OYG1u6TJPxkpixoNhco
-0.61,0.0,0.37,2025-08-22 09:10:58.199948+00:00,-OYG1uLv8TDisac-Jttg
-0.61,0.06,0.31,2025-08-22 09:10:59.202159+00:00,-OYG1uaFhsk5kdPYrPvQ
-0.55,0.0,0.37,2025-08-22 09:11:00.204331+00:00,-OYG1uqljP7RqZM5uvhW
-1.65,-74.1,-66.89,2025-08-22 09:11:01.206611+00:00,-OYG1v65czo6NcKkkvCF
23.44,-312.5,51.64,2025-08-22 09:11:02.208920+00:00,-OYG1vKRSjlgosa2Lmki
-48.89,75.56,-168.64,2025-08-22 09:11:03.211217+00:00,-OYG1v_VkEDpv55GyUtB
-41.63,114.62,-91.55,2025-08-22 09:11:04.213441+00:00,-OYG1vohecqMGkgqHgHA
0.37,12.63,127.14,2025-08-22 09:11:05.215653+00:00,-OYG1w4Uun3_csm_LCWI
71.11,-17.52,-0.73,2025-08-22 09:11:06.218148+00:00,-OYG1wLNiH17rpyrPDEa
-16.85,-23.19,112.61,2025-08-22 09:11:07.220479+00:00,-OYG1wZ-PTx5g1t1DCC3
-64.58,59.88,-1.95,2025-08-22 09:11:08.222756+00:00,-OYG1woMD7IJ8VoZS9nf
-72.51,134.03,-260.93,2025-08-22 09:11:09.224977+00:00,-OYG1x28xQ6wrvagNggQ
-70.01,182.62,-367.43,2025-08-22 09:11:10.227315+00:00,-OYG1xHa0TwaYSldqUEg
-10.13,88.13,-251.53,2025-08-22 09:11:11.229629+00:00,-OYG1xXBCcyOWDvfv0YC
-10.44,49.8,-91.43,2025-08-22 09:11:12.231907+00:00,-OYG1xm0OBFi7qf0hY_j
22.83,-73.67,119.63,2025-08-22 09:11:13.234144+00:00,-OYG1y0PoecB2v_CjOSz
26.49,-125.06,177.86,2025-08-22 09:11:14.236717+00:00,-OYG1yGLmEpwVjFVh-tx
11.47,-139.04,184.94,2025-08-22 09:11:15.238944+00:00,-OYG1yWFtex460ANkfTS
25.57,-113.59,179.69,2025-08-22 09:11:16.241269+00:00,-OYG1ylYbd1kI-GiArhU
2.75,-64.21,134.16,2025-08-22 09:11:17.243457+00:00,-OYG1z0RaDWmvQoIVRPZ
47.12,-101.44,233.46,2025-08-22 09:11:18.245682+00:00,-OYG1zFQNc_seXeTVOXs
32.47,-55.73,39.37,2025-08-22 09:11:19.247942+00:00,-OYG1zUklRvvoXeya7fO
-37.78,26.18,-90.27,2025-08-22 09:11:20.250169+00:00,-OYG1zjPE7TW4KoY1lni
-3.48,-17.03,-16.54,2025-08-22 09:11:21.252628+00:00,-OYG2-2Li-MGtI1hc9eV
0.0,28.87,-4.15,2025-08-22 09:11:22.254959+00:00,-OYG2-DZbcgnfMJgdV-P
1.1,9.64,-5.43,2025-08-22 09:11:23.257292+00:00,-OYG2-TgBosQTi9fMN2p
-1.89,-15.93,6.77,2025-08-22 09:11:24.259627+00:00,-OYG2-hwHx4Bz1A8MYMk
92.16,15.81,-51.7,2025-08-22 09:11:25.261825+00:00,-OYG2-xaIO7-X8rF6JMF
-58.78,14.34,33.87,2025-08-22 09:11:26.264068+00:00,-OYG20CinMWs-ZuKKp0J
37.96,7.2,7.32,2025-08-22 09:11:27.266393+00:00,-OYG20SAEJv_vevXoqlY
0.49,-19.29,-13.06,2025-08-22 09:11:28.268637+00:00,-OYG20go7nMMsMiPS7Hf
-9.28,-8.97,-10.56,2025-08-22 09:11:29.271039+00:00,-OYG20wEguwf-df2URzR
-7.32,28.2,-11.96,2025-08-22 09:11:30.273470+00:00,-OYG21AZ5o9OjMmytsB-
-7.75,-90.64,-19.53,2025-08-22 09:11:31.275838+00:00,-OYG21QeR0gSk0cg13ai
-1.53,-22.16,-1.83,2025-08-22 09:11:32.278168+00:00,-OYG21fabu2fmO9z_2ne
10.93,-3.42,-5.8,2025-08-22 09:11:33.280489+00:00,-OYG21uWQKqmfHFh2SLD
-3.3,50.78,21.3,2025-08-22 09:11:34.282760+00:00,-OYG229hnZyCll6ZzABG
-1.83,-35.1,-0.12,2025-08-22 09:11:35.285241+00:00,-OYG22PLjB50-AXsndTQ
-2.62,-27.28,-2.62,2025-08-22 09:11:36.287550+00:00,-OYG22dtpB3vYXw1L1n5
3.54,-6.47,0.37,2025-08-22 09:11:37.289816+00:00,-OYG22tVUMqtV3gYDtPU
59.33,63.66,44.68,2025-08-22 09:11:38.292058+00:00,-OYG238oTJx8F5s3Tkez
-13.67,-49.01,-15.99,2025-08-22 09:11:39.294445+00:00,-OYG23O9oR-cOr_ioiG3
29.6,-134.46,18.49,2025-08-22 09:11:40.296687+00:00,-OYG23cBfiadAHb9Nl93
-1.95,90.03,-8.06,2025-08-22 09:11:41.298914+00:00,-OYG23tbdy-mmM5C8hWn
10.62,-9.28,-0.92,2025-08-22 09:11:42.301208+00:00,-OYG247dGylcNtmnvTeP
-8.0,-24.17,-10.13,2025-08-22 09:11:43.303632+00:00,-OYG24NynCiQUCNIcTVB
156.56,-6.23,56.76,2025-08-22 09:11:44.305695+00:00,-OYG24c91X2q_k9nNfOH
121.52,-13.12,2.81,2025-08-22 09:11:45.307989+00:00,-OYG24rXqPL0Wmu6sy9I
86.73,-17.64,0.67,2025-08-22 09:11:46.310338+00:00,-OYG256kruzEt0HS4ZjS
29.36,-17.46,5.19,2025-08-22 09:11:47.312567+00:00,-OYG25LdgoYL2Wht2T6Q
27.4,-27.4,-10.62,2025-08-22 09:11:48.314888+00:00,-OYG25akJ59TAfKElRUb
-85.39,-1.83,-18.55,2025-08-22 09:11:49.317126+00:00,-OYG25qy67Ws7A4O6AQC
-2.26,-7.39,3.48,2025-08-22 09:11:50.319443+00:00,-OYG26609mki7E6V0rmz
8.73,-37.78,1.46,2025-08-22 09:11:51.321677+00:00,-OYG26Ka7ovFrtPeqzZ1
10.56,4.27,3.17,2025-08-22 09:11:52.323774+00:00,-OYG26aXmsSIEFOY_baA
-54.44,18.13,-8.12,2025-08-22 09:11:53.326092+00:00,-OYG26okCuIB8RB8V2jV
1.4,7.26,-0.37,2025-08-22 09:11:54.328572+00:00,-OYG274d1AnXzj0W4l7x
6.04,-16.91,0.06,2025-08-22 09:11:55.330772+00:00,-OYG27Jxm1unSdOPSQ8w
-18.74,134.52,23.8,2025-08-22 09:11:56.332907+00:00,-OYG27_a7ddEAnadkAzB
37.9,-5.98,10.74,2025-08-22 09:11:57.335154+00:00,-OYG27ngZZs7XFut3GYp
-10.8,6.96,-3.78,2025-08-22 09:11:58.337461+00:00,-OYG28447vyTMtIzXYhI
-0.43,-36.74,1.46,2025-08-22 09:11:59.339768+00:00,-OYG28IoXdROqzXOoCsB
-6.84,-50.35,-7.81,2025-08-22 09:12:00.342084+00:00,-OYG28YpX6MWOxDAe41p
-9.95,1.83,-2.75,2025-08-22 09:12:01.344375+00:00,-OYG28lnVEntzE-e3jru
5.07,-0.85,4.09,2025-08-22 09:12:02.346806+00:00,-OYG291PvA0eW-as4sC8
-3.91,-26.06,-4.09,2025-08-22 09:12:03.349110+00:00,-OYG29GtzSB_OPwKgGK8
6.1,17.64,-15.75,2025-08-22 09:12:04.351343+00:00,-OYG29u0a8QuVKS4lPNb
-1.71,-7.08,-0.79,2025-08-22 09:12:06.168199+00:00,-OYG2AAjJnFeu2JjWHAm
-6.29,-14.95,-4.94,2025-08-22 09:12:07.311974+00:00,-OYG2AESoNzDkzUJrdTM
6.96,3.78,-2.2,2025-08-22 09:12:07.572743+00:00,-OYG2AI4DJ81lV6Wd36G
-0.31,-0.18,0.06,2025-08-22 09:12:08.360414+00:00,-OYG2AVJndkTb3mhifIs
-5.86,19.71,-8.42,2025-08-22 09:12:09.362688+00:00,-OYG2Ak67lJeZlNQNVfd
-2.56,0.67,1.34,2025-08-22 09:12:10.365005+00:00,-OYG2B1DNq8tkXdX16FI
0.0,-0.55,-0.73,2025-08-22 09:12:11.367250+00:00,-OYG2BEWW91Pw8ip44Oz
-1.77,0.61,0.0,2025-08-22 09:12:12.369439+00:00,-OYG2BTIVJHKyU2Vi3Ke
0.55,-0.55,0.12,2025-08-22 09:12:13.371736+00:00,-OYG2BhlnwLl5qac2Bdg
-1.71,0.55,0.37,2025-08-22 09:12:14.373995+00:00,-OYG2BxOXoSE0Ew8n034
-0.92,0.06,-0.37,2025-08-22 09:12:15.376243+00:00,-OYG2CCKuylMOJkxMFCB
2.81,-0.61,-0.49,2025-08-22 09:12:16.378550+00:00,-OYG2CscpZoDvhPZMEqf
0.06,-0.24,0.55,2025-08-22 09:12:18.437405+00:00,-OYG2DHwo9IZKP5kVRhi
1.71,-0.73,1.65,2025-08-22 09:12:20.066925+00:00,-OYG2DSl-c17Iw2lOYs8
-0.43,-0.12,0.49,2025-08-22 09:12:20.753807+00:00,-OYG2DVCfo4QA5uixuPb
-0.55,-3.05,6.47,2025-08-22 09:12:20.896851+00:00,-OYG2DZCdmDuclmSKQ2e
-47.97,-10.56,-5.25,2025-08-22 09:12:21.389890+00:00,-OYG2DeXEe_Tf964jgjn
0.61,-10.01,-2.62,2025-08-22 09:12:22.392232+00:00,-OYG2Dubv4EsYjLc2-7F
0.0,2.44,0.73,2025-08-22 09:12:23.394496+00:00,-OYG2E8WVKJc3ldxjVkP
-0.92,-2.69,1.59,2025-08-22 09:12:24.396718+00:00,-OYG2EOU6RMVcOD8Rh0v
-0.67,0.73,0.43,2025-08-22 09:12:25.398866+00:00,-OYG2EcgDO1DA10wHB9s
-0.49,1.83,0.0,2025-08-22 09:12:26.401081+00:00,-OYG2Esc_4mwZvpIxJKW
-0.61,-1.65,0.73,2025-08-22 09:12:27.403302+00:00,-OYG2F7PujrH12FlIAwi
-0.43,0.55,0.31,2025-08-22 09:12:28.405637+00:00,-OYG2FMxVahk3LZGv7YJ
-0.61,-0.37,0.37,2025-08-22 09:12:29.408005+00:00,-OYG2Fc0T51T5eaiUdJM
-0.49,0.12,0.18,2025-08-22 09:12:30.410209+00:00,-OYG2FrPzPqBV9cg9VOk
-0.55,0.18,0.18,2025-08-22 09:12:31.412408+00:00,-OYG2G7-gHvgSQacEm-Y
-0.55,-0.18,0.31,2025-08-22 09:12:32.414618+00:00,-OYG2GMKKr4eMDSg2_Cm
-0.55,0.18,0.24,2025-08-22 09:12:33.416981+00:00,-OYG2GbRP-qimSZ5ZYjq
-0.55,-0.06,0.31,2025-08-22 09:12:34.419229+00:00,-OYG2GqfPj_nvmKoNco-
-0.55,-0.06,0.31,2025-08-22 09:12:35.421470+00:00,-OYG2H4YEEoNZkfr3apu
-0.55,0.12,0.24,2025-08-22 09:12:36.423677+00:00,-OYG2HKKjxXvVVzMNGDf
-0.55,-0.06,0.31,2025-08-22 09:12:37.426061+00:00,-OYG2H_IFVMRpW943Hhe
-0.55,-0.06,0.31,2025-08-22 09:12:38.428177+00:00,-OYG2HouRH5n6edt-NhU
-0.61,0.12,0.31,2025-08-22 09:12:39.430425+00:00,-OYG2I3AVhtLFEWPuGO4
-0.55,0.0,0.31,2025-08-22 09:12:40.432671+00:00,-OYG2IJLEXdkAdKSxkYZ
-0.55,0.0,0.37,2025-08-22 09:12:41.434875+00:00,-OYG2IZ0lefQb-cj39MJ
-0.61,0.06,0.31,2025-08-22 09:12:42.437040+00:00,-OYG2InU0LhVkwZ2dme7
-0.55,0.0,0.31,2025-08-22 09:12:43.439276+00:00,-OYG2J1qJvqU6YFanNt6
-0.49,0.0,0.24,2025-08-22 09:12:44.441552+00:00,-OYG2JIUBF9v0wLSiPlz
-22.34,-4.15,55.05,2025-08-22 09:12:45.443882+00:00,-OYG2JXo7asU3w36l9E0
35.28,-32.04,26.49,2025-08-22 09:12:46.446149+00:00,-OYG2JmC15n4BpiFXdI0
6.1,52.61,-4.39,2025-08-22 09:12:47.448471+00:00,-OYG2K0_2heXg1MaEsc6
2.44,9.09,-7.39,2025-08-22 09:12:48.450872+00:00,-OYG2KGBhQp6MlU8wKtg
-3.11,-29.17,8.67,2025-08-22 09:12:49.453129+00:00,-OYG2M0_kY5a60mzbxOa
-2.56,-13.49,6.1,2025-08-22 09:12:55.801214+00:00,-OYG2M3Ol-Lw37twYVq7
0.85,18.07,-5.68,2025-08-22 09:12:55.988877+00:00,-OYG2M5tMuvAH72zcHPW
1.04,12.27,-3.97,2025-08-22 09:12:56.145763+00:00,-OYG2M8EHySW48yx4BDJ
-1.59,-11.41,4.21,2025-08-22 09:12:56.295124+00:00,-OYG2MAi4iqLoF6iiyRg
-1.53,-8.42,3.42,2025-08-22 09:12:56.531308+00:00,-OYG2MEFHAD68wdTvi4V
0.12,8.67,-2.62,2025-08-22 09:12:56.680506+00:00,-OYG2MGkzSLrp3IvFYRd
-0.06,4.88,-1.4,2025-08-22 09:12:56.837215+00:00,-OYG2MJR2qIkOmarWxFD
-1.04,-6.47,2.5,2025-08-22 09:12:57.471274+00:00,-OYG2MUO46H8jrbMMnIj
-0.79,-2.2,1.16,2025-08-22 09:12:58.473712+00:00,-OYG2MjDDs_8nJvDKcNx
-0.31,5.07,-1.34,2025-08-22 09:12:59.476014+00:00,-OYG2MxVfrwUypfksi_W
-0.49,-0.18,0.37,2025-08-22 09:13:00.478332+00:00,-OYG2NCkGiVtwbjuR3Yq
-0.73,-3.3,1.4,2025-08-22 09:13:01.480687+00:00,-OYG2NS4UwDk7eOLnc28
-0.61,1.4,-0.12,2025-08-22 09:13:02.482886+00:00,-OYG2Ni6ot9LToyahzRn
-0.61,1.4,-0.12,2025-08-22 09:13:03.485226+00:00,-OYG2NwZK_d_-lj5Jbsl
-0.55,-1.59,0.85,2025-08-22 09:13:04.487627+00:00,-OYG2OBIAUFpkbgtkSEf
-0.61,0.31,0.31,2025-08-22 09:13:05.489827+00:00,-OYG2OQJrl81AaUOWKnc
-0.55,0.79,0.12,2025-08-22 09:13:06.492048+00:00,-OYG2OfH9fn8T-uJCsXk
-0.55,-0.79,0.55,2025-08-22 09:13:07.494394+00:00,-OYG2Ov-436n0bNafDFb
-0.61,0.37,0.18,2025-08-22 09:13:08.496609+00:00,-OYG2P9le98ErHTpNpXX
-0.55,0.18,0.24,2025-08-22 09:13:09.498789+00:00,-OYG2PPZDYlhuCpD11Fh
-0.55,-0.37,0.43,2025-08-22 09:13:10.501167+00:00,-OYG2Pe67OtbYkLAh0P6
-0.55,0.43,0.24,2025-08-22 09:13:11.503491+00:00,-OYG2PuTvhBrO4XXyC_l
-0.55,-0.12,0.31,2025-08-22 09:13:12.505934+00:00,-OYG2Q7oCWkaqa6AblKR
-0.55,0.0,0.37,2025-08-22 09:13:13.508138+00:00,-OYG2QNiacpRv-9gILlo
-0.55,0.18,0.31,2025-08-22 09:13:14.510377+00:00,-OYG2Qcb9-VpcIvtHptM
-0.49,-0.24,0.37,2025-08-22 09:13:15.512649+00:00,-OYG2Qs6FDED3CBwtV5G
-0.61,0.18,0.31,2025-08-22 09:13:16.514869+00:00,-OYG2R707Il-FzKt5EXN
-0.61,0.06,0.31,2025-08-22 09:13:17.517058+00:00,-OYG2RMAaoD3qESdipSP
-0.55,-0.06,0.37,2025-08-22 09:13:18.519275+00:00,-OYG2RcMqcHWyVK3noW1
-0.61,0.12,0.31,2025-08-22 09:13:19.521510+00:00,-OYG2RqZ_Tfuv0qmXcJX
-0.55,-0.12,0.37,2025-08-22 09:13:20.523821+00:00,-OYG2S5qGggBfeLLLuzx
-0.55,0.12,0.31,2025-08-22 09:13:21.525988+00:00,-OYG2SL6fDU4RrhJaJhS
-0.55,0.06,0.31,2025-08-22 09:13:22.528322+00:00,-OYG2S_UP7E_wilJWrXn
-0.55,0.0,0.31,2025-08-22 09:13:23.530678+00:00,-OYG2Spsf8Bm1yKpet0R
-0.55,0.06,0.31,2025-08-22 09:13:24.532942+00:00,-OYG2T46WZSiR36Neyhf
-0.49,-0.06,0.31,2025-08-22 09:13:25.535203+00:00,-OYG2TJlFf03-ZcwFO0y
-0.61,0.06,0.31,2025-08-22 09:13:26.537373+00:00,-OYG2TZiXCIIO1nvIDaR
-0.55,0.0,0.31,2025-08-22 09:13:27.539535+00:00,-OYG2ToezvFmzcPc03Wx
-0.55,0.0,0.31,2025-08-22 09:13:28.541746+00:00,-OYG2U2SrA4kHpMT9oEY
-0.55,0.06,0.31,2025-08-22 09:13:29.543910+00:00,-OYG2UJN3SOq6LGmo0Eq
-0.55,0.0,0.31,2025-08-22 09:13:30.546126+00:00,-OYG2UXvFxkg_KXHlvYX
-0.55,0.0,0.31,2025-08-22 09:13:31.548361+00:00,-OYG2UmU2Doc6Ds_3PNI
-0.55,0.06,0.37,2025-08-22 09:13:32.550524+00:00,-OYG2V1KoRuG8USEI6nk
-0.55,0.0,0.31,2025-08-22 09:13:33.552668+00:00,-OYG2VHT2V72Qh3Z2d6J
-0.61,0.06,0.31,2025-08-22 09:13:34.555015+00:00,-OYG2VWCi83zcgbyn4z2
-0.55,0.0,0.31,2025-08-22 09:13:35.557248+00:00,-OYG2VksKsljBbwtfc2i
-0.55,0.0,0.31,2025-08-22 09:13:36.559453+00:00,-OYG2W-jNBPh3RxqPUyl
-0.55,0.0,0.31,2025-08-22 09:13:37.561678+00:00,-OYG2WFR2KcLoDBgqzY3
-0.55,0.0,0.31,2025-08-22 09:13:38.563960+00:00,-OYG2WVPUcOnJgFyW-97
-0.55,0.0,0.31,2025-08-22 09:13:39.566267+00:00,-OYG2WjaMSJ_2MTqkcq9
-0.55,0.06,0.31,2025-08-22 09:13:40.568398+00:00,-OYG2X-BnrpynK0Pq7Np
-0.61,0.06,0.37,2025-08-22 09:13:41.570603+00:00,-OYG2XERgK9dkT9ee8l5
-0.55,0.06,0.31,2025-08-22 09:13:42.572995+00:00,-OYG2XU288N9rnExET8Z
-0.55,0.0,0.31,2025-08-22 09:13:43.575086+00:00,-OYG2Xi7SuOYTMpuMAsX
-0.55,0.0,0.31,2025-08-22 09:13:44.577317+00:00,-OYG2XyBz8DAFma-qPrc
-0.55,0.0,0.31,2025-08-22 09:13:45.579588+00:00,-OYG2YCwu0MreUjBK2X4
-0.55,0.0,0.31,2025-08-22 09:13:46.581894+00:00,-OYG2YSY5Zr-BCF3RVsX
-0.55,0.0,0.37,2025-08-22 09:13:47.584099+00:00,-OYG2YjhQDlhB_77Vkib
-0.49,-0.06,0.37,2025-08-22 09:13:48.586295+00:00,-OYG2Yx2b50aEH8apd2U
-0.43,0.0,0.37,2025-08-22 09:13:49.588542+00:00,-OYG2ZBoC_KICH6BIv42
-0.55,-0.06,0.31,2025-08-22 09:13:50.590755+00:00,-OYG2ZRVZgdW3dmQosQ9
-0.49,0.0,0.37,2025-08-22 09:13:51.592886+00:00,-OYG2ZgJ9fMEl7cv5ST1
-0.61,0.06,0.31,2025-08-22 09:13:52.595155+00:00,-OYG2ZvsuWvN9v1tdv0j
-0.55,0.0,0.37,2025-08-22 09:13:53.597374+00:00,-OYG2_9hntTH_JCc6jBX
-0.55,0.06,0.37,2025-08-22 09:13:54.599538+00:00,-OYG2_Pgcd52f7JYZYi9
-0.55,0.0,0.37,2025-08-22 09:13:55.601762+00:00,-OYG2_ewkqIm9h9Xp2GK
-0.55,0.0,0.31,2025-08-22 09:13:56.604022+00:00,-OYG2_tq26kj5AVf1mga
-0.55,0.0,0.31,2025-08-22 09:13:57.606222+00:00,-OYG2a8VEmGJaxB5rE2l
-0.67,0.0,0.37,2025-08-22 09:13:58.608459+00:00,-OYG2aOEHm7Ml47akKJP
-0.55,0.0,0.31,2025-08-22 09:13:59.610642+00:00,-OYG2ad5WoehGJJQU9kz
-0.61,0.0,0.31,2025-08-22 09:14:00.612831+00:00,-OYG2at5Pzb5DH0M_RW_
-0.55,0.06,0.37,2025-08-22 09:14:01.615053+00:00,-OYG2b7iA5UAF__7h8f4
-0.55,0.06,0.31,2025-08-22 09:14:02.617275+00:00,-OYG2bNbGmIPQp02wejx
-0.55,0.06,0.31,2025-08-22 09:14:03.619518+00:00,-OYG2bbdKOmD4yZqBe_H
-0.55,0.0,0.37,2025-08-22 09:14:04.621722+00:00,-OYG2brTU8KSbeWPz4CA
-0.55,0.0,0.31,2025-08-22 09:14:05.623929+00:00,-OYG2c6RLKnrKCHzwI3G
-0.61,0.06,0.37,2025-08-22 09:14:06.626203+00:00,-OYG2cLWNg3fLIlS_xHI
-0.61,0.06,0.37,2025-08-22 09:14:07.628451+00:00,-OYG2cbzdne0P9Rhackd
-0.55,0.06,0.31,2025-08-22 09:14:08.630692+00:00,-OYG2cq22ULBIGnjyc_O
-0.55,0.0,0.31,2025-08-22 09:14:09.632866+00:00,-OYG2d4g0QIru88brWwl
-0.49,0.0,0.37,2025-08-22 09:14:10.635083+00:00,-OYG2dKsmCLDT4qge9_5
-0.55,0.06,0.37,2025-08-22 09:14:11.637267+00:00,-OYG2dZU2uAw9rwL8Rtl
-0.55,0.0,0.31,2025-08-22 09:14:12.639528+00:00,-OYG2doRlikIa-aqVz0r
-0.55,0.06,0.37,2025-08-22 09:14:13.641712+00:00,-OYG2e4wQ3DmcnZpwH_A
-0.55,0.06,0.31,2025-08-22 09:14:14.644000+00:00,-OYG2eJ2R2fCSEV6AE4l
-0.55,0.0,0.31,2025-08-22 09:14:15.646269+00:00,-OYG2eYXib0K455GKx1Q
-0.61,0.0,0.31,2025-08-22 09:14:16.648407+00:00,-OYG2enBFRdA2edzuqFQ
-0.55,0.0,0.31,2025-08-22 09:14:17.650640+00:00,-OYG2f2BDG9XMx1bP_h7
-0.55,0.0,0.31,2025-08-22 09:14:18.652980+00:00,-OYG2fHpdXUExd1XqroP
-0.55,0.06,0.31,2025-08-22 09:14:19.655102+00:00,-OYG2fX2PuICWPw2amTF
-0.55,0.0,0.31,2025-08-22 09:14:20.657301+00:00,-OYG2fmP_vZ0GWQNF6Mh
-0.55,0.06,0.31,2025-08-22 09:14:21.659517+00:00,-OYG2g1-8NH1xxXSOtq6
-0.61,0.06,0.37,2025-08-22 09:14:22.661749+00:00,-OYG2gGJz0dwRJw8lPMH
-0.49,0.0,0.31,2025-08-22 09:14:23.663966+00:00,-OYG2gVxuYPVmSJeVOWv
-0.49,0.0,0.37,2025-08-22 09:14:24.666106+00:00,-OYG2glQxaTvUhWpH5i3
-0.55,0.0,0.37,2025-08-22 09:14:25.668301+00:00,-OYG2h-BHgi9ZMk7udn7
-0.55,0.0,0.37,2025-08-22 09:14:26.670555+00:00,-OYG2hFkX2NxsiMmNLKy
-0.49,0.0,0.37,2025-08-22 09:14:27.672714+00:00,-OYG2hUaAtnYSbOcv51G
-0.61,0.06,0.31,2025-08-22 09:14:28.674907+00:00,-OYG2hivxDjyDzBrjDHC
-0.61,0.06,0.37,2025-08-22 09:14:29.677269+00:00,-OYG2hyuyeBI04XY-wE4
-0.61,0.06,0.37,2025-08-22 09:14:30.679296+00:00,-OYG2iDmHmAMi-WH-4Ep
-0.61,0.06,0.31,2025-08-22 09:14:31.681535+00:00,-OYG2iUBEzwRobiptN0y
-0.49,0.0,0.37,2025-08-22 09:14:32.683824+00:00,-OYG2iiT43wGYOWbCLma
-0.55,0.06,0.31,2025-08-22 09:14:33.686081+00:00,-OYG2ixaTiBzjIHrhXTN
-0.55,0.0,0.37,2025-08-22 09:14:34.688196+00:00,-OYG2jCINMFtmTzphjL5
-0.55,0.0,0.37,2025-08-22 09:14:35.690390+00:00,-OYG2jTJVquz-oXD39oy
-0.49,0.0,0.31,2025-08-22 09:14:36.692650+00:00,-OYG2jgRpo6T21BaG1H2
-0.55,0.0,0.37,2025-08-22 09:14:37.694914+00:00,-OYG2jw-W1wh-mK-59yJ
-0.55,0.0,0.31,2025-08-22 09:14:38.697101+00:00,-OYG2kAdm5o5pF6ybu__
-0.55,0.0,0.31,2025-08-22 09:14:39.699337+00:00,-OYG2kQj6RZmp2XXYdmv
-0.61,0.06,0.31,2025-08-22 09:14:40.701620+00:00,-OYG2kfpcdAQddW-ABz3
-0.55,0.0,0.37,2025-08-22 09:14:41.703783+00:00,-OYG2kuz1Q6DS4UgNVst
-0.55,0.0,0.31,2025-08-22 09:14:42.706065+00:00,-OYG2lA-j5yFI96e0AZk
-0.55,0.0,0.37,2025-08-22 09:14:43.708312+00:00,-OYG2lPPlcVQcctyOrli
-0.61,0.06,0.31,2025-08-22 09:14:44.710556+00:00,-OYG2ldfI8BMpYM6x7x3
-0.61,0.06,0.31,2025-08-22 09:14:45.712809+00:00,-OYG2ltVFTnjYzJWWc2e
-0.55,0.0,0.31,2025-08-22 09:14:46.714976+00:00,-OYG2m8wRXY8Z-DCisOX
-0.61,0.06,0.31,2025-08-22 09:14:47.717243+00:00,-OYG2mOEv9IDqw9YJuTP
-0.61,0.06,0.31,2025-08-22 09:14:48.719520+00:00,-OYG2mcBhliaKg7I5Uxq
-0.49,0.06,0.31,2025-08-22 09:14:49.721674+00:00,-OYG2mrfd0rXfZmey-XP
-0.61,0.06,0.37,2025-08-22 09:14:50.723945+00:00,-OYG2n6f4i2WNjTHZJEr
-0.55,0.0,0.31,2025-08-22 09:14:51.726097+00:00,-OYG2nMifSXN3Eb4rFjC
-0.55,0.0,0.31,2025-08-22 09:14:52.728278+00:00,-OYG2nbOrUp3uPX0P2cU
-0.55,0.0,0.31,2025-08-22 09:14:53.730553+00:00,-OYG2nqxwcazkCdlB1HI
-0.49,0.06,0.31,2025-08-22 09:14:54.733097+00:00,-OYG2o58uVRBUd9t2JJk
-0.55,0.0,0.31,2025-08-22 09:14:55.735320+00:00,-OYG2oKknVbIhSvsJU0o
-0.61,0.06,0.31,2025-08-22 09:14:56.737533+00:00,-OYG2o_UFI8NwjlUwWw7
-0.61,0.06,0.37,2025-08-22 09:14:57.739667+00:00,-OYG2opKLRqhu6kuJt7F
-0.55,0.0,0.31,2025-08-22 09:14:58.741897+00:00,-OYG2p3iS8a-7OJ5fJil
-0.61,0.0,0.31,2025-08-22 09:14:59.744141+00:00,-OYG2pJNDYRb5OZujXGG
-0.61,0.06,0.37,2025-08-22 09:15:00.746263+00:00,-OYG2pZMI8YkVIo-pSpx
-0.55,0.0,0.31,2025-08-22 09:15:01.748528+00:00,-OYG2pngP8c4PUfawV2E
-0.55,0.0,0.31,2025-08-22 09:15:02.750745+00:00,-OYG2q2Y2f52qKAWDMdO
-0.49,0.0,0.31,2025-08-22 09:15:03.752904+00:00,-OYG2qISeFkk1PcIlbpQ
-0.55,0.0,0.37,2025-08-22 09:15:04.755307+00:00,-OYG2qXWri_saRF-ao8u
-0.55,0.0,0.31,2025-08-22 09:15:05.757538+00:00,-OYG2qmrpiz5v-FfOZ-M
-0.55,0.0,0.37,2025-08-22 09:15:06.759694+00:00,-OYG2r1WcpVqxBtYYK3H
-0.55,0.0,0.31,2025-08-22 09:15:07.761924+00:00,-OYG2rGg1mcSvp_yhKrz
-0.55,0.0,0.37,2025-08-22 09:15:08.764179+00:00,-OYG2rWHj-yRiLPZ39jL
-0.61,0.06,0.31,2025-08-22 09:15:09.766467+00:00,-OYG2rkwD32xejhhkkpp
-0.61,0.06,0.37,2025-08-22 09:15:10.768759+00:00,-OYG2s-mZcFdLykTEWil
-0.55,0.0,0.31,2025-08-22 09:15:11.770823+00:00,-OYG2sFJOW4AASKCE3Dq
-0.55,0.0,0.31,2025-08-22 09:15:12.773026+00:00,-OYG2sVFQiqHH3umcD_k
-0.55,0.0,0.31,2025-08-22 09:15:13.775293+00:00,-OYG2sjdZmPqtmRU8_jY
-0.55,0.06,0.24,2025-08-22 09:15:14.777548+00:00,-OYG2szTS-sOU1zVBd2Z
-0.49,0.0,0.31,2025-08-22 09:15:15.779737+00:00,-OYG2tEN3irXs7UgZVCg
-0.55,0.0,0.37,2025-08-22 09:15:16.781973+00:00,-OYG2tUINGbqf275I_6R
-0.61,0.0,0.31,2025-08-22 09:15:17.784213+00:00,-OYG2tiLcWgA2pjXr-E4
-0.55,0.0,0.37,2025-08-22 09:15:18.786368+00:00,-OYG2tyKd2bNrO4or6p0
-0.61,0.06,0.31,2025-08-22 09:15:19.788549+00:00,-OYG2uCVE9crWk6F2Wsr
-0.67,-0.06,0.37,2025-08-22 09:15:20.790821+00:00,-OYG2uSyhHiahCcGIiP9
-0.55,0.0,0.37,2025-08-22 09:15:21.793011+00:00,-OYG2uhI_bKCpReEwmRc
-0.55,0.0,0.37,2025-08-22 09:15:21.793011+00:00,-OYG3NBZpbDo3o4re0wj
-0.61,0.0,0.37,2025-08-22 09:17:22.761636+00:00,-OYG3NDnTipd0S1Yi-sg
-0.55,0.0,0.31,2025-08-22 09:17:22.955199+00:00,-OYG3NH-nwQb-IPf2OxO
-0.55,0.0,0.31,2025-08-22 09:17:23.148652+00:00,-OYG3NJwVz8klwi-39VI
-0.49,0.0,0.31,2025-08-22 09:17:23.321760+00:00,-OYG3NMp8_Prkayzhogg
-0.55,0.0,0.31,2025-08-22 09:17:23.480963+00:00,-OYG3NP1k8yfyTZYAaRP
-0.49,0.0,0.31,2025-08-22 09:17:23.621471+00:00,-OYG3NRPOKkkZfcd-Qtm
-0.55,0.0,0.37,2025-08-22 09:17:23.767959+00:00,-OYG3NTe991w-U4xpxrf
-0.55,0.0,0.31,2025-08-22 09:17:23.918237+00:00,-OYG3NVztwcNmsNiOK6N
-0.55,0.0,0.31,2025-08-22 09:17:24.067278+00:00,-OYG3NYDdYU9m04-0See
-0.55,0.0,0.31,2025-08-22 09:17:24.206684+00:00,-OYG3N__A_8fT-Jq2fx2
-0.55,0.0,0.31,2025-08-22 09:17:24.360617+00:00,-OYG3NcBq0Ws__Q4icXQ
-0.55,0.0,0.31,2025-08-22 09:17:24.526432+00:00,-OYG3NeQ54DmUfOqe9W0
-0.61,0.0,0.31,2025-08-22 09:17:24.669812+00:00,-OYG3NguaqED4RX1BMQ2
-0.55,0.0,0.31,2025-08-22 09:17:24.829252+00:00,-OYG3NjKBgLnjmwqD03U
-0.55,0.0,0.31,2025-08-22 09:17:24.988653+00:00,-OYG3NlYSfv5kEdcVGoY
-0.55,0.0,0.31,2025-08-22 09:17:25.160822+00:00,-OYG3NoXtwvSEOjj8J7_
-0.61,0.0,0.37,2025-08-22 09:17:25.316586+00:00,-OYG3NriEU0lPgCZ1Pj5
-0.49,0.06,0.37,2025-08-22 09:17:25.543230+00:00,-OYG3Nud5KJ4l9iY4D81
-0.67,0.0,0.31,2025-08-22 09:17:25.708885+00:00,-OYG3Nx-bZKSRIZ3C0n-
-0.55,0.0,0.31,2025-08-22 09:17:25.900430+00:00,-OYG3O-9lR3FmSHn7Ya5
-0.55,0.0,0.31,2025-08-22 09:17:26.060486+00:00,-OYG3O1TQ7QNNhVxN0Ny
-0.61,0.06,0.37,2025-08-22 09:17:26.209269+00:00,-OYG3O3os0LYI_at__uP
-0.55,0.0,0.31,2025-08-22 09:17:26.357036+00:00,-OYG3O68zeHIH76oyO5L
-0.55,0.0,0.31,2025-08-22 09:17:26.574235+00:00,-OYG3O9xUa3VBVJ_AGWm
-0.49,0.0,0.31,2025-08-22 09:17:26.752627+00:00,-OYG3OCdUsGxJ3qLWB4x
-0.55,0.0,0.31,2025-08-22 09:17:27.086179+00:00,-OYG3OHyPVHIaGCZINhB
-0.49,0.0,0.31,2025-08-22 09:17:27.264914+00:00,-OYG3OKBdciiuLptejEl
-0.55,0.0,0.31,2025-08-22 09:17:27.410402+00:00,-OYG3OMi4hQujveAPBg4
-0.55,0.0,0.37,2025-08-22 09:17:27.596217+00:00,-OYG3OPTeVw63uMrNrmT
-0.55,0.06,0.37,2025-08-22 09:17:27.744520+00:00,-OYG3ORj1npoiCci8GE7
-0.55,0.06,0.37,2025-08-22 09:17:27.888830+00:00,-OYG3OUD-FBhtMo0ed2u
-0.61,0.06,0.31,2025-08-22 09:17:28.049719+00:00,-OYG3OWQSLl4JirgvDGq
-0.55,0.0,0.31,2025-08-22 09:17:28.191101+00:00,-OYG3OYe0kXliXNjL47S
-0.61,0.0,0.31,2025-08-22 09:17:28.333041+00:00,-OYG3Oa4el7LgGWbbktq
-0.49,0.0,0.37,2025-08-22 09:17:28.486606+00:00,-OYG3OcHCc0-iffyUtap
-0.61,0.0,0.31,2025-08-22 09:17:28.629256+00:00,-OYG3OeUloDi--9vl42J
-0.55,0.0,0.31,2025-08-22 09:17:28.769110+00:00,-OYG3Ogh_CSWkdaRJczA
-0.61,0.06,0.31,2025-08-22 09:17:28.913534+00:00,-OYG3Oj2CjVl1PbRtv4Y
-0.55,0.06,0.37,2025-08-22 09:17:29.067407+00:00,-OYG3OlSpFUkfyrlcaju
-0.55,0.0,0.37,2025-08-22 09:17:29.216131+00:00,-OYG3Onfsrl1ZHUKLusn
-0.49,0.0,0.37,2025-08-22 09:17:29.366277+00:00,-OYG3Opy_LfCF3Z-y_Fd
-0.55,0.0,0.31,2025-08-22 09:17:29.504203+00:00,-OYG3OsG299qpkJstkMq
-0.55,0.0,0.37,2025-08-22 09:17:29.651439+00:00,-OYG3OugCP1KfN3DfT-R
-0.55,0.0,0.37,2025-08-22 09:17:29.806593+00:00,-OYG3OwpL0Nc3cDHuBWN
-0.55,0.0,0.31,2025-08-22 09:17:29.942968+00:00,-OYG3Oz7jTZKFet2LSMT
-0.55,0.0,0.37,2025-08-22 09:17:30.090727+00:00,-OYG3P0VQw7Q9_vnEqAS
-0.55,0.0,0.37,2025-08-22 09:17:30.242633+00:00,-OYG3P2vREx7ef2fePm5
-0.61,0.06,0.37,2025-08-22 09:17:30.401264+00:00,-OYG3P5D0JE00MJ09_kt
-0.55,0.0,0.31,2025-08-22 09:17:30.545671+00:00,-OYG3P7d7_UgX6kGJfDi
-0.55,0.06,0.31,2025-08-22 09:17:30.740773+00:00,-OYG3PAT6wouOkWra_7n
-0.55,0.06,0.37,2025-08-22 09:17:30.881593+00:00,-OYG3PCcv4JyRqojKBc5
-0.61,0.06,0.31,2025-08-22 09:17:31.038702+00:00,-OYG3PFLNER1XdnoUmnd
-0.55,0.06,0.37,2025-08-22 09:17:31.192668+00:00,-OYG3PHl6MEL7Nmgis5H
-0.61,0.06,0.31,2025-08-22 09:17:31.347083+00:00,-OYG3PJs_cEUJIOQ_bOf
-0.55,0.0,0.31,2025-08-22 09:17:31.481681+00:00,-OYG3PM4883lZMS25QVE
-0.55,0.0,0.31,2025-08-22 09:17:31.626262+00:00,-OYG3PODvDHCmoti7xdo
-0.61,0.06,0.37,2025-08-22 09:17:31.775268+00:00,-OYG3PR4C1nEHrftWpNY
-0.55,0.06,0.31,2025-08-22 09:17:31.996176+00:00,-OYG3PUioRPSraUXkU34
-0.55,0.06,0.31,2025-08-22 09:17:32.200432+00:00,-OYG3PXSkAxKE8twy5WA
-0.55,0.06,0.37,2025-08-22 09:17:32.428747+00:00,-OYG3P_wIPCG2vIZeENJ
-0.55,0.06,0.37,2025-08-22 09:17:32.586790+00:00,-OYG3Pj3F9tjR-1R6pyd
-0.55,0.0,0.31,2025-08-22 09:17:33.248491+00:00,-OYG3PmmloznXnw72ysm
-0.55,0.0,0.37,2025-08-22 09:17:33.397458+00:00,-OYG3PoxfBd3-P5jqguQ
-0.55,0.0,0.31,2025-08-22 09:17:33.558002+00:00,-OYG3PrTl7sJ_e_jVcig
-0.55,0.0,0.31,2025-08-22 09:17:33.694718+00:00,-OYG3Pt_GX38q36FvVxc
-0.55,0.0,0.31,2025-08-22 09:17:33.997604+00:00,-OYG3PyQZDlM6G3CGuLa
-0.55,0.0,0.31,2025-08-22 09:17:34.139912+00:00,-OYG3Q-jhTvhr2KKdG_I
-0.55,0.06,0.31,2025-08-22 09:17:34.288751+00:00,-OYG3Q1pICuebPAhENWo
-0.55,0.0,0.31,2025-08-22 09:17:34.419244+00:00,-OYG3Q43hjtuI18HqdKy
-0.61,0.0,0.31,2025-08-22 09:17:34.580438+00:00,-OYG3Q6bNL_1D0SvP9e2
-0.61,0.06,0.31,2025-08-22 09:17:34.724985+00:00,-OYG3Q9-ulMDZnad66tV
-0.55,0.0,0.31,2025-08-22 09:17:34.878314+00:00,-OYG3QB_ZrVtXlFZVlSV
-0.61,0.06,0.31,2025-08-22 09:17:35.086687+00:00,-OYG3QEcAvdYmN4tYM5M
-0.55,0.06,0.31,2025-08-22 09:17:35.288103+00:00,-OYG3QIAC4-v9thpPx_K
-0.49,0.06,0.31,2025-08-22 09:17:35.473655+00:00,-OYG3QKkI-NLFcImIE-8
-0.55,0.06,0.31,2025-08-22 09:17:35.633881+00:00,-OYG3QNEAY1TZ2p5d4Ah
-0.55,0.0,0.31,2025-08-22 09:17:35.816643+00:00,-OYG3QQDyx6sSIMRFEBg
-0.55,0.0,0.31,2025-08-22 09:17:35.985671+00:00,-OYG3QSPfafvWfxFTnWV
-0.61,0.06,0.37,2025-08-22 09:17:36.183666+00:00,-OYG3QVjYCAgpjKpYFCa
-0.61,0.0,0.31,2025-08-22 09:17:36.343085+00:00,-OYG3QYFJs2lP419HIKk
-0.55,0.0,0.31,2025-08-22 09:17:36.557348+00:00,-OYG3QahyJypUmTwbLrn
-0.55,0.0,0.37,2025-08-22 09:17:36.719066+00:00,-OYG3QdENGw5gOZbMHLJ
-0.55,0.0,0.37,2025-08-22 09:17:36.937449+00:00,-OYG3QgbMnCT3zYPqapn
-0.49,0.0,0.31,2025-08-22 09:17:37.097169+00:00,-OYG3Qiuvx2Ev4v5TDHW
-0.55,0.0,0.31,2025-08-22 09:17:37.288274+00:00,-OYG3QlsFz45yPbmSDuM
-0.61,0.0,0.37,2025-08-22 09:17:37.446093+00:00,-OYG3QoeX-3BqlElOUO2
-0.55,0.0,0.31,2025-08-22 09:17:37.892110+00:00,-OYG3QvgDD4_Wxy3sd4Z
-0.55,0.06,0.31,2025-08-22 09:17:38.066445+00:00,-OYG3Qygj8r402ln9aDq
-0.55,0.0,0.31,2025-08-22 09:17:38.253572+00:00,-OYG3R-yqkQ1aRxL67y8
-0.55,0.0,0.31,2025-08-22 09:17:38.421101+00:00,-OYG3R2yULgqu51fjWi-
-0.55,0.0,0.31,2025-08-22 09:17:39.740916+00:00,-OYG3RV_NDjmom0Xx3sC
-0.55,0.06,0.37,2025-08-22 09:17:40.442110+00:00,-OYG3RYKwx2Rk7biovOE
-0.61,0.06,0.31,2025-08-22 09:17:40.624165+00:00,-OYG3RaBh86SSXfCuBrx
-0.55,0.06,0.31,2025-08-22 09:17:40.789600+00:00,-OYG3Rd0bSaI-u32J3bK
-0.55,0.0,0.31,2025-08-22 09:17:40.980571+00:00,-OYG3Rfjhu-_zLN79Tkr
-0.55,0.0,0.31,2025-08-22 09:17:41.143490+00:00,-OYG3RieVfCIftrVwo6O
-0.55,0.0,0.37,2025-08-22 09:17:41.331695+00:00,-OYG3RlCouA-vV-NLRYM
-0.55,0.06,0.31,2025-08-22 09:17:41.572062+00:00,-OYG3Rpa-gauldQ_rHyx
-0.55,0.0,0.31,2025-08-22 09:17:41.767803+00:00,-OYG3RryvVDDscVTaBgb
-0.55,0.06,0.31,2025-08-22 09:17:41.923537+00:00,-OYG3RuIdSzF_Oq38Knw
-0.55,0.06,0.31,2025-08-22 09:17:42.165482+00:00,-OYG3RyCbSH2ITZkgpB_
-0.61,0.06,0.31,2025-08-22 09:17:42.318669+00:00,-OYG3S-ilgaCQ0_iJemQ
-0.67,0.06,0.31,2025-08-22 09:17:42.482353+00:00,-OYG3S29kvi7RhT8cM7n
-0.49,0.06,0.31,2025-08-22 09:17:42.642896+00:00,-OYG3S4bltWbgwajFhEv
-0.61,0.06,0.31,2025-08-22 09:17:42.800622+00:00,-OYG3S7NnQz3YQNw5O8f
-0.55,0.0,0.31,2025-08-22 09:17:42.979457+00:00,-OYG3SA-KD3Owj7RGH8g
-0.55,0.0,0.31,2025-08-22 09:17:43.165903+00:00,-OYG3SCiEQ5oDznpg6lF
-0.55,0.0,0.31,2025-08-22 09:17:43.311807+00:00,-OYG3SEv0I14LGU8DDZu
-0.55,0.06,0.37,2025-08-22 09:17:43.458843+00:00,-OYG3SHXilCwYFUhSO0t
-0.55,0.0,0.37,2025-08-22 09:17:43.620037+00:00,-OYG3SJw6hJ1xXaRrBoV
-0.55,0.0,0.31,2025-08-22 09:17:43.772679+00:00,-OYG3SM2JrgPaiDbq__a
-0.55,0.06,0.31,2025-08-22 09:17:43.908701+00:00,-OYG3SOO7vjAoZawXG4H
-0.49,0.0,0.31,2025-08-22 09:17:44.058395+00:00,-OYG3SQeWOurRBSRgmY6
-0.55,0.0,0.31,2025-08-22 09:17:44.206262+00:00,-OYG3ST335M35xWdEC9w
-0.61,0.06,0.31,2025-08-22 09:17:44.358572+00:00,-OYG3SVLkWHhJjPzTjs1
-0.55,0.06,0.37,2025-08-22 09:17:44.506529+00:00,-OYG3SXsTg9baaD5H_Xs
-0.61,0.06,0.31,2025-08-22 09:17:44.665899+00:00,-OYG3S_FJKRGLMwGscSn
-0.61,0.06,0.31,2025-08-22 09:17:44.820870+00:00,-OYG3SbYVB-WolzptjA6
-0.55,0.0,0.37,2025-08-22 09:17:45.004177+00:00,-OYG3SeTiwAJtwg3dFCt
-0.61,0.0,0.31,2025-08-22 09:17:45.153258+00:00,-OYG3SgfcnDn0Dmsc4Cx
-0.55,0.06,0.31,2025-08-22 09:17:45.294835+00:00,-OYG3SjM7dA1lZBbZIUV
-0.61,0.0,0.31,2025-08-22 09:17:45.470288+00:00,-OYG3SlrtRw-OwExny8r
-0.61,0.0,0.31,2025-08-22 09:17:45.627535+00:00,-OYG3SoG64vLtJWXVov6
-0.55,0.0,0.31,2025-08-22 09:17:45.846615+00:00,-OYG3SsGvLyHtAhldgvk
-0.61,0.0,0.31,2025-08-22 09:17:46.036363+00:00,-OYG3SuVMnqdq2O93wQz
-0.55,0.0,0.31,2025-08-22 09:17:46.178035+00:00,-OYG3SwlVL0cTwuMWdtp
-0.55,0.0,0.37,2025-08-22 09:17:46.322990+00:00,-OYG3SzKvRfjB2LYqsYO
-0.49,0.0,0.37,2025-08-22 09:17:46.485938+00:00,-OYG3T0kQPkcK9H64Bu4
-0.55,0.06,0.37,2025-08-22 09:17:46.643256+00:00,-OYG3T2ucOvSxzQEE4K4
-0.61,0.0,0.31,2025-08-22 09:17:46.782376+00:00,-OYG3T6Q382hzty45VJr
-0.55,0.0,0.37,2025-08-22 09:17:47.005589+00:00,-OYG3T8dbKuEvGVUxsyn
-0.55,0.06,0.31,2025-08-22 09:17:47.147358+00:00,-OYG3TB3wcNtqmjfHvrX
-0.61,0.06,0.37,2025-08-22 09:17:47.301880+00:00,-OYG3TDNNbdkDWiweCov
-0.55,0.06,0.37,2025-08-22 09:17:47.452946+00:00,-OYG3TFhsmdCQ5nUEPbZ
-0.55,0.0,0.31,2025-08-22 09:17:47.601574+00:00,-OYG3TI-vIm7RhnvwxWT
-0.61,0.06,0.31,2025-08-22 09:17:47.745904+00:00,-OYG3TKDlI2TIdDT1Feb
-0.55,0.06,0.31,2025-08-22 09:17:47.891220+00:00,-OYG3TMY4eTFUVQV3p-o
-0.55,0.0,0.31,2025-08-22 09:17:48.042749+00:00,-OYG3TOpyjplthIOgORV
-0.55,0.0,0.31,2025-08-22 09:17:48.186612+00:00,-OYG3TRRnXiZlB418lwt
-0.61,0.0,0.31,2025-08-22 09:17:48.349363+00:00,-OYG3TTrKQy3QXIq3HDL
-0.55,0.0,0.37,2025-08-22 09:17:48.506349+00:00,-OYG3TWpQsrfMHnMbkCC
-0.49,0.0,0.31,2025-08-22 09:17:48.695258+00:00,-OYG3TZIKmgneOtrSDsJ
-0.55,0.0,0.31,2025-08-22 09:17:48.858479+00:00,-OYG3Tafko637Q5Bh0BR
-0.61,0.0,0.31,2025-08-22 09:17:49.052442+00:00,-OYG3Te3h9ElQiDHqjxt
-0.61,0.0,0.31,2025-08-22 09:17:49.228186+00:00,-OYG3TgwTlTMOWnIkih0
-0.61,0.06,0.31,2025-08-22 09:17:49.430438+00:00,-OYG3TjjWSXhfJ5cn_eR
-0.55,0.0,0.31,2025-08-22 09:17:49.586825+00:00,-OYG3Tm0z38ng8i7bGSg
-0.55,0.0,0.37,2025-08-22 09:17:50.119348+00:00,-OYG3TvM13W_Az1bnecw
-0.55,0.06,0.31,2025-08-22 09:17:51.121574+00:00,-OYG3U9BwUgIXK7e_6Gi
-0.61,0.06,0.31,2025-08-22 09:17:52.123780+00:00,-OYG3UPPoXtLcYfLJ3Xm
-0.55,0.06,0.31,2025-08-22 09:17:53.125969+00:00,-OYG3UdmSlWtriE5zWpZ
-0.55,0.06,0.31,2025-08-22 09:17:54.128130+00:00,-OYG3UtbobV6n6sVcdxu
-0.61,0.0,0.37,2025-08-22 09:17:55.130381+00:00,-OYG3V8Jk9Q1fiYRCIMt
-0.61,0.06,0.31,2025-08-22 09:17:56.132559+00:00,-OYG3VNl4GB53Xngc1aq
-0.61,0.06,0.31,2025-08-22 09:17:57.134805+00:00,-OYG3Vcc8HGlu7xIilVL
-0.61,0.0,0.31,2025-08-22 09:17:58.137294+00:00,-OYG3Vsa86EJw_mkGb35
-0.55,0.0,0.31,2025-08-22 09:17:59.139481+00:00,-OYG3W7AqeebAO_6I_QS
-0.61,0.0,0.31,2025-08-22 09:18:00.141681+00:00,-OYG3WMLiS79cMj51Gu2
-0.49,0.0,0.31,2025-08-22 09:18:01.143896+00:00,-OYG3Weic9kbsv211xdQ
-0.31,-0.06,0.24,2025-08-22 09:18:02.146210+00:00,-OYG3Wr8zihnXSlbra4s
-0.55,0.0,0.31,2025-08-22 09:18:03.148443+00:00,-OYG3X5YgZKIo6DnSR_8
-0.73,0.18,0.31,2025-08-22 09:18:04.150623+00:00,-OYG3XL8zc1fMdZBBxUk
-14.65,7.81,-21.12,2025-08-22 09:18:05.152884+00:00,-OYG3XcexIIdBignWJvL
27.4,-0.85,-15.69,2025-08-22 09:18:06.155282+00:00,-OYG3XpmL0HENXBOKven
0.43,0.67,-0.31,2025-08-22 09:18:07.157539+00:00,-OYG3Y3hXrB2Gl7Owy_j
-1.04,-0.49,1.77,2025-08-22 09:18:08.159785+00:00,-OYG3YJpns8zrq4TdhQp
-0.61,-3.11,10.86,2025-08-22 09:18:09.162067+00:00,-OYG3YZtYvQdhkfBvjS-
-2.38,2.44,-7.08,2025-08-22 09:18:10.164327+00:00,-OYG3YoJJ8ltYA4GMiVn
-1.22,0.24,-1.65,2025-08-22 09:18:11.166643+00:00,-OYG3Z2i3ye1Bah2k6Qg
0.79,-0.24,1.65,2025-08-22 09:18:12.168779+00:00,-OYG3ZJ1-ipT5VCdaMAB
-2.08,-0.37,0.43,2025-08-22 09:18:13.171040+00:00,-OYG3ZY4tOzbYnl1c4Hg
0.18,0.37,-1.53,2025-08-22 09:18:14.173326+00:00,-OYG3Zmg3RoS49EWu2BE
2.75,0.24,1.46,2025-08-22 09:18:15.175513+00:00,-OYG3_1UC70eXPK_2RHu
-4.46,1.34,-1.04,2025-08-22 09:18:16.177803+00:00,-OYG3_H6-G9QoGzgrIFs
-4.52,-2.75,7.45,2025-08-22 09:18:17.180195+00:00,-OYG3_WQIN39pZXzv9CA
2.99,9.28,-21.67,2025-08-22 09:18:18.182469+00:00,-OYG3_ldDRye5HY0ObXT
1.16,-0.31,-13.79,2025-08-22 09:18:19.184773+00:00,-OYG3a-kKxtYlSFAfaYE
-4.46,2.81,3.17,2025-08-22 09:18:20.186949+00:00,-OYG3aFlW6pnh9xiLjSX
-1.89,4.7,-2.01,2025-08-22 09:18:21.189163+00:00,-OYG3ab5kdbwEivXFCML
2.93,0.37,1.95,2025-08-22 09:18:22.191469+00:00,-OYG3akT9a_bTYWJOirt
-0.49,-0.55,1.34,2025-08-22 09:18:23.193674+00:00,-OYG3b-RcZAeudp3L6VN
-5.49,-0.92,18.13,2025-08-22 09:18:24.195971+00:00,-OYG3bE6-rlxIBW1_eKX
-5.55,-6.16,-29.36,2025-08-22 09:18:25.198466+00:00,-OYG3bU2JTYNtT7QXDBZ
0.98,13.61,-2.99,2025-08-22 09:18:26.200649+00:00,-OYG3bimIsTGHzm0uCfy
1.28,-0.79,2.32,2025-08-22 09:18:27.202955+00:00,-OYG3c-CM3nmyJs5rnP3
-0.55,-1.28,1.1,2025-08-22 09:18:28.205207+00:00,-OYG3cDGMZNkvhXRLeVi
0.37,0.67,0.24,2025-08-22 09:18:29.207404+00:00,-OYG3cT1mIXwTTZaNNZl
-1.4,-0.43,0.67,2025-08-22 09:18:30.209771+00:00,-OYG3chDhS6cPxWAxWxE
1.77,0.67,1.95,2025-08-22 09:18:31.211995+00:00,-OYG3cx2g-MrViJ6e06Z
1.28,0.98,15.56,2025-08-22 09:18:32.214333+00:00,-OYG3dBNuod0isQeGO9Q
1.65,0.67,-0.31,2025-08-22 09:18:33.216701+00:00,-OYG3dR3wa2_gC7HTwbH
-0.31,0.98,-1.59,2025-08-22 09:18:34.219015+00:00,-OYG3dgCPEff2xkBDHk2
-2.69,-0.12,2.56,2025-08-22 09:18:35.221269+00:00,-OYG3dvu4OKYnZaF4ibJ
1.04,-0.31,1.1,2025-08-22 09:18:36.223488+00:00,-OYG3eAlH78UXTdQMiXl
2.38,-0.49,1.65,2025-08-22 09:18:37.225724+00:00,-OYG3ePpK4VFEaJBC8V4
-1.1,-0.43,0.24,2025-08-22 09:18:38.228000+00:00,-OYG3ee2_6eUEC7UjF8n
-1.4,-0.37,0.37,2025-08-22 09:18:39.230164+00:00,-OYG3etajUpf-V4lzeGq
-1.53,0.0,-0.12,2025-08-22 09:18:40.232407+00:00,-OYG3fC4NA8wOPhKw4nR
-0.12,0.37,-0.18,2025-08-22 09:18:41.234973+00:00,-OYG3fOOb-DXkhAkJbC0
1.34,-0.06,0.98,2025-08-22 09:18:42.237134+00:00,-OYG3fe99-j2dV0Zj0wf
0.06,-0.31,1.04,2025-08-22 09:18:43.239331+00:00,-OYG3fspXoU8xrJ0G8Pe
0.18,0.18,0.18,2025-08-22 09:18:44.241560+00:00,-OYG3g79kEHY31PUwM2w
3.6,0.24,0.61,2025-08-22 09:18:45.243797+00:00,-OYG3gNWFQUyp-3CSBX7
-0.85,-0.12,1.04,2025-08-22 09:18:46.246208+00:00,-OYG3gek_Z9u_OJF8_7E
1.71,-0.43,-0.06,2025-08-22 09:18:47.248431+00:00,-OYG3grFwwFTghF1mcJU
1.04,-0.18,1.04,2025-08-22 09:18:48.250689+00:00,-OYG3h7QHet0HeBBGQGG
-0.55,0.18,0.73,2025-08-22 09:18:49.253043+00:00,-OYG3hMYafBRrXSFF4FG
-0.43,-0.24,0.79,2025-08-22 09:18:50.255114+00:00,-OYG3haGH8H4cKoIXXea
0.61,0.43,0.24,2025-08-22 09:18:51.257337+00:00,-OYG3hpfndmWHLadaqWR
0.61,-0.18,0.67,2025-08-22 09:18:52.259774+00:00,-OYG3i50cf5DkfDcqZXR
-0.79,0.12,0.37,2025-08-22 09:18:53.261918+00:00,-OYG3iKDmgDpOl85K22b
0.0,0.18,-0.12,2025-08-22 09:18:54.264178+00:00,-OYG3iZxDTXQRFU3yN2O
0.85,-0.06,1.16,2025-08-22 09:18:55.266713+00:00,-OYG3ipe_27p68Uj_37I
-3.36,0.85,-0.61,2025-08-22 09:18:56.269120+00:00,-OYG3j4BucTnNdC9k_XS
0.67,-0.43,0.61,2025-08-22 09:18:57.271419+00:00,-OYG3jJ3IieiCW1mlGuL
-4.33,-0.24,0.12,2025-08-22 09:18:58.273628+00:00,-OYG3jYm8OvVPdjMRva3
-1.53,0.49,-0.06,2025-08-22 09:18:59.275927+00:00,-OYG3jnEKGUcWVIFYAvm
-1.16,-0.24,0.61,2025-08-22 09:19:00.278269+00:00,-OYG3k2PrsSR0kgJL_h0
0.0,0.43,0.73,2025-08-22 09:19:01.280384+00:00,-OYG3kHvBTwJPnGDmjoQ
-0.55,-0.49,0.12,2025-08-22 09:19:02.282655+00:00,-OYG3kXVbHsxZ3rSbTIg
0.12,0.12,0.06,2025-08-22 09:19:03.284897+00:00,-OYG3klsNkJnmf3RqtfS
0.79,0.92,0.24,2025-08-22 09:19:04.287131+00:00,-OYG3l45EuY9ScCTNArT
-0.43,0.49,-0.43,2025-08-22 09:19:05.289435+00:00,-OYG3lGe_U7bqnJOlDxm
0.18,0.79,-1.28,2025-08-22 09:19:06.291634+00:00,-OYG3lW90-wNQrs8Y1Zk
0.37,0.55,-0.31,2025-08-22 09:19:07.294015+00:00,-OYG3llUmSROgrvgY7EZ
0.0,-0.31,1.71,2025-08-22 09:19:08.296314+00:00,-OYG3m-7IPLMx8ng-Y7T
-2.5,-0.18,1.59,2025-08-22 09:19:09.298583+00:00,-OYG3mFZrgUglblRcGpq
-1.46,0.0,0.18,2025-08-22 09:19:10.300766+00:00,-OYG3mUXqCkUZLRJP65e
0.37,0.06,0.85,2025-08-22 09:19:11.302936+00:00,-OYG3mjgEzTpYtNU76-X
-3.42,0.31,-0.06,2025-08-22 09:19:12.305172+00:00,-OYG3mzFMlJtDFtn7r4E
-1.16,0.24,-0.31,2025-08-22 09:19:13.307411+00:00,-OYG3nDSPIO0yV0rJgPT
-0.12,-0.43,0.98,2025-08-22 09:19:14.309768+00:00,-OYG3nTfDTo2QapJH3tZ
-0.18,1.28,-0.98,2025-08-22 09:19:15.312001+00:00,-OYG3nhpgnt4gZl8r2_j
-0.85,0.37,0.98,2025-08-22 09:19:16.314294+00:00,-OYG3nxOrqqIwFFNP4IE
-2.62,0.55,-0.24,2025-08-22 09:19:17.316378+00:00,-OYG3oBxzep41cg1IsmW
-1.59,0.06,0.43,2025-08-22 09:19:18.318579+00:00,-OYG3oSaGPqRxTb_nHaW
3.42,4.33,-6.77,2025-08-22 09:19:19.320860+00:00,-OYG3ohKKR8xCy8REcXk
0.85,-2.75,7.02,2025-08-22 09:19:20.323090+00:00,-OYG3owHSnaIM1zGlBEs
-3.11,-1.4,0.85,2025-08-22 09:19:21.325341+00:00,-OYG3pBDwVDPafrnWIpQ
-1.95,0.31,2.26,2025-08-22 09:19:22.327507+00:00,-OYG3pQJOZ3-C_RMEcn_
-3.48,-1.4,1.95,2025-08-22 09:19:23.329780+00:00,-OYG3pf68OUp3G-PzBdi
-2.2,0.0,-0.24,2025-08-22 09:19:24.332034+00:00,-OYG3puolC3YQ8OjlqHs
2.2,1.46,-3.36,2025-08-22 09:19:25.334103+00:00,-OYG3q9s0d0646Nuhb-o
2.38,-0.18,1.04,2025-08-22 09:19:26.336410+00:00,-OYG3qOkCsPOgyY88cHs
-0.98,0.18,-0.85,2025-08-22 09:19:27.338718+00:00,-OYG3qdc-sMmgKQ7lds7
-1.59,0.0,-0.67,2025-08-22 09:19:28.340580+00:00,-OYG3qtbZLCrGdO2Dl68
2.75,1.04,-0.67,2025-08-22 09:19:29.342880+00:00,-OYG3r8OiMWkpAk3izM0
-3.85,0.73,-1.65,2025-08-22 09:19:30.345272+00:00,-OYG3rNe-XuUcuuoXzmx
0.67,-0.18,1.46,2025-08-22 09:19:31.347306+00:00,-OYG3rc77iICb-Bf9Bns
-8.12,0.85,0.79,2025-08-22 09:19:32.349464+00:00,-OYG3rs1dVu9rqz7DTie
-5.19,0.24,-0.79,2025-08-22 09:19:33.351666+00:00,-OYG3sBnNCf0vfLsUvhj
-0.18,-0.43,1.46,2025-08-22 09:19:34.353994+00:00,-OYG3sMSf9D_pFKm6fRx
-5.62,-0.18,-1.65,2025-08-22 09:19:35.356253+00:00,-OYG3say7oBdz1G7O984
0.24,-0.43,0.79,2025-08-22 09:19:36.358490+00:00,-OYG3sqasc7INJTN0w0l
1.34,-1.16,1.28,2025-08-22 09:19:37.360823+00:00,-OYG3t5Xn-ljxQtrw3sd
1.89,0.92,0.67,2025-08-22 09:19:38.362987+00:00,-OYG3tKnXJaM7GU5mHVP
-0.43,-0.43,0.31,2025-08-22 09:19:39.365468+00:00,-OYG3t_VgOIawpb9oSzQ
-0.85,0.31,-0.98,2025-08-22 09:19:40.367744+00:00,-OYG3tq7SR6bNuYVI-ag
-2.75,0.18,-0.31,2025-08-22 09:19:41.370171+00:00,-OYG3u4DGb7ks2viyIbm
-0.43,-0.24,1.04,2025-08-22 09:19:42.372604+00:00,-OYG3uK8462cNsWf6-1t
0.0,0.98,-1.16,2025-08-22 09:19:43.374932+00:00,-OYG3uacuEabdn80Yobk
-0.61,0.24,0.37,2025-08-22 09:19:44.377485+00:00,-OYG3unb0eIOfJ64XeMN
-1.04,0.0,0.06,2025-08-22 09:19:45.379660+00:00,-OYG3v2oJyMsSnu8d6Ir
-1.4,-0.31,1.34,2025-08-22 09:19:46.381891+00:00,-OYG3vI2i91I5Kzdssj_
0.31,15.32,-0.37,2025-08-22 09:19:47.384120+00:00,-OYG3vYOxthlx5LWbeoH
-1.28,0.43,-0.37,2025-08-22 09:19:48.386418+00:00,-OYG3vqZ6gA7YDgjB6Tq
1.16,-0.24,1.46,2025-08-22 09:19:49.388681+00:00,-OYG3w0xv_EOaUDGdHXo
-0.06,-0.43,0.73,2025-08-22 09:19:50.390961+00:00,-OYG3wHCvimSG5zCEFP_
-0.31,0.55,-0.73,2025-08-22 09:19:51.393287+00:00,-OYG3wWzsV875UJaOilP
-0.92,-0.18,0.06,2025-08-22 09:19:52.395514+00:00,-OYG3wl8yje9y-Yax5hT
0.85,0.55,-0.67,2025-08-22 09:19:53.397759+00:00,-OYG3x-kcYDCkiP7NTCR
-2.69,-0.06,0.85,2025-08-22 09:19:54.400022+00:00,-OYG3xFt_pvSadVLqUpX
-1.1,0.24,-0.24,2025-08-22 09:19:55.402246+00:00,-OYG3xWlNOSht66Qskgn
0.06,-0.43,0.18,2025-08-22 09:19:56.404542+00:00,-OYG3xk23NOSWm95bdO-
-2.38,0.06,-0.24,2025-08-22 09:19:57.406950+00:00,-OYG3xzFrBmc9HDEh2UG
-0.24,0.67,-0.31,2025-08-22 09:19:58.408841+00:00,-OYG3yEZM4ayk7bK5SjH
-0.98,-0.73,2.2,2025-08-22 09:19:59.411113+00:00,-OYG3yTpsR3M2aZ1ph8t
-0.31,0.49,-0.61,2025-08-22 09:20:00.413404+00:00,-OYG3yjOYajtTtU75LNa
0.31,-0.18,0.79,2025-08-22 09:20:01.415738+00:00,-OYG3yyUT-HGqBZWo-F_
-0.18,0.0,0.37,2025-08-22 09:20:02.417947+00:00,-OYG3zD8Jw60IFYGbg_M
-2.87,0.06,0.61,2025-08-22 09:20:03.420055+00:00,-OYG3zTTYfDU90jUbROb
-2.69,0.0,0.43,2025-08-22 09:20:04.422214+00:00,-OYG3zhgjPAWS4maEhaO
-0.18,-0.31,0.79,2025-08-22 09:20:05.424552+00:00,-OYG3zx3-9XY1M1WaiQq
-1.71,-0.06,0.37,2025-08-22 09:20:06.426800+00:00,-OYG4-Btcg7zNThPsAe7
-1.28,-0.55,0.61,2025-08-22 09:20:07.429077+00:00,-OYG4-QcuookyEDmCkwF
-0.18,-0.43,-0.31,2025-08-22 09:20:08.431362+00:00,-OYG4-g6bF2IHJDJo9PO
-0.06,-0.12,0.92,2025-08-22 09:20:09.433725+00:00,-OYG4-vU5RubVllWw8y8
-0.92,0.06,0.12,2025-08-22 09:20:10.436105+00:00,-OYG409zH0BqMbr3UCyP
-1.59,0.06,0.61,2025-08-22 09:20:11.438176+00:00,-OYG40Pa9ZRqLn_wC3t2
0.61,0.85,-0.98,2025-08-22 09:20:12.440434+00:00,-OYG40ejiTPfarcfcbt5
-1.53,-0.73,1.89,2025-08-22 09:20:13.442841+00:00,-OYG40ujt6qRW7_useVt
-1.28,-0.43,0.43,2025-08-22 09:20:14.445057+00:00,-OYG4192YpdQ4m8EUFcP
0.06,-0.06,0.55,2025-08-22 09:20:15.447369+00:00,-OYG41O9OvEprKPGCque
1.22,0.18,0.79,2025-08-22 09:20:16.449606+00:00,-OYG41dfQAboNvpcXHxJ
-1.83,-0.06,-0.49,2025-08-22 09:20:17.451931+00:00,-OYG41sopnA7zIIy3MoW
0.31,0.06,0.49,2025-08-22 09:20:18.454125+00:00,-OYG427jm75O3r3_2tWd
-1.34,-0.18,-0.06,2025-08-22 09:20:19.456400+00:00,-OYG42NNGFDlIps6wbLY
-0.43,-0.24,0.67,2025-08-22 09:20:20.458691+00:00,-OYG42bzgphQKX963Q_n
-0.06,0.31,1.53,2025-08-22 09:20:21.460897+00:00,-OYG42y3n0qAyXAmGKTb
-1.16,0.12,0.55,2025-08-22 09:20:22.463024+00:00,-OYG435rw3podPXUYDyP
-0.06,1.65,-0.98,2025-08-22 09:20:23.465356+00:00,-OYG43N2b1KMovbADrlX
-2.44,0.0,-1.04,2025-08-22 09:20:24.467693+00:00,-OYG43aq6jpoGKvMJaOB
-2.56,-1.34,-1.34,2025-08-22 09:22:10.710424+00:00,-OYG4TuuMueDHTMC2ScU
-2.01,1.1,-2.26,2025-08-22 09:22:12.489301+00:00,-OYG4Tz3MLTHZFEXZt5C
-0.18,0.61,3.6,2025-08-22 09:22:12.817283+00:00,-OYG4U2HZPaiLJGPMmtU
-2.81,0.18,-0.06,2025-08-22 09:22:13.717129+00:00,-OYG4UGn9EnslfaSsOmC
-0.06,-0.12,0.24,2025-08-22 09:22:14.719615+00:00,-OYG4UX-70yn7Ds0wuJk
-1.71,-0.06,1.1,2025-08-22 09:22:15.721850+00:00,-OYG4UkTLXpkqDChaR2m
-1.22,-0.73,1.95,2025-08-22 09:22:16.724195+00:00,-OYG4UzyRiISUqK9gqZ9
0.06,0.31,0.0,2025-08-22 09:22:17.726348+00:00,-OYG4VF3AL9UmnQ4DXLQ
-0.92,0.49,-0.18,2025-08-22 09:22:18.728569+00:00,-OYG4VV2OSSooNqEeq_N
1.04,0.12,0.67,2025-08-22 09:22:19.730855+00:00,-OYG4VjPybZhU8puCWGA
0.61,-0.12,0.55,2025-08-22 09:22:20.733071+00:00,-OYG4VygWFq6vXxUjqGc
-1.34,0.31,-0.12,2025-08-22 09:22:21.735354+00:00,-OYG4WDVTa83-KIDdM-s
-0.67,-0.31,1.16,2025-08-22 09:22:22.737904+00:00,-OYG4WTOwIaZmyaADEms
-1.65,-0.37,1.1,2025-08-22 09:22:23.740096+00:00,-OYG4WjU04UeIpHthy9a
-0.37,0.79,-1.22,2025-08-22 09:22:24.742492+00:00,-OYG4Wy6KE5ibzp4iWjo
-0.85,0.85,-1.4,2025-08-22 09:22:25.744619+00:00,-OYG4XErPKSO3IevKe99
0.31,0.31,0.55,2025-08-22 09:22:26.746797+00:00,-OYG4XRp0xa6BlBqDE-l
0.18,-0.49,0.79,2025-08-22 09:22:27.749208+00:00,-OYG4XgQeqd7xtzbO7ls
-0.55,-0.18,0.67,2025-08-22 09:22:28.751497+00:00,-OYG4XwqiphTnUjcgTfr
-3.36,-1.28,2.08,2025-08-22 09:22:29.753781+00:00,-OYG4YAeInA-mWWnC66S
-1.71,0.37,-0.12,2025-08-22 09:22:30.756056+00:00,-OYG4YQfIWmc8V_hqVXv
0.12,1.65,-2.44,2025-08-22 09:22:31.758314+00:00,-OYG4Yf6DlOFfKLlZ1sA
-0.31,0.92,-0.92,2025-08-22 09:22:32.760554+00:00,-OYG4YvOv1b4EmnHA5Rb
-0.67,0.0,0.12,2025-08-22 09:22:33.762733+00:00,-OYG4Z9z5hOMQb4Um0Y3
-0.55,0.37,0.98,2025-08-22 09:22:34.764937+00:00,-OYG4ZOpQ_IOdMy3oels
-0.73,0.18,0.37,2025-08-22 09:22:35.767258+00:00,-OYG4Zdfan1vpkWmsAVt
-1.65,0.73,-0.73,2025-08-22 09:22:36.769255+00:00,-OYG4ZuCOUNe8XysRQym
-0.61,0.31,-0.12,2025-08-22 09:22:37.771556+00:00,-OYG4_8RcIf5b0LT60ce
2.26,0.37,0.61,2025-08-22 09:22:38.773959+00:00,-OYG4_NfLPzDMN-IeRta
-3.11,0.31,-0.06,2025-08-22 09:22:39.776180+00:00,-OYG4_cv5GCplhzIp7Jy
-0.85,1.16,-1.16,2025-08-22 09:22:40.778382+00:00,-OYG4_sWs_5bK7idE_gs
-0.49,0.79,-0.61,2025-08-22 09:22:41.780659+00:00,-OYG4a778ubsgZm-J0Yb
2.62,-0.43,1.46,2025-08-22 09:22:42.782862+00:00,-OYG4aMWGmLFxlKc2oVn
2.56,1.22,-1.28,2025-08-22 09:22:43.785157+00:00,-OYG4abQu1nT8rVtirvg
-0.43,-1.1,2.08,2025-08-22 09:22:44.787370+00:00,-OYG4arBW-m6k2rkTuJd
1.34,-2.5,4.64,2025-08-22 09:22:45.789662+00:00,-OYG4b5OhsX1jNcrpuXi
2.87,1.83,-0.31,2025-08-22 09:22:46.792073+00:00,-OYG4bLCK9E0Oss-fkhJ
-0.12,-0.06,0.55,2025-08-22 09:22:47.794334+00:00,-OYG4baWzflYzpgzZnnV
-0.06,-0.12,-0.37,2025-08-22 09:22:48.796630+00:00,-OYG4bpMs2LtTYIGioDg
-0.43,-0.24,1.22,2025-08-22 09:22:49.798855+00:00,-OYG4c42gzDLCb0tLymu
-1.34,-0.18,-0.18,2025-08-22 09:22:50.801172+00:00,-OYG4cKEy6j0laFOcGdI
-0.49,0.43,-0.12,2025-08-22 09:22:51.803464+00:00,-OYG4cZlBq0AFDXtPnjA
2.5,-0.61,1.59,2025-08-22 09:22:52.805865+00:00,-OYG4covZMtLaBay1YS3
-0.79,0.67,-1.22,2025-08-22 09:22:53.808048+00:00,-OYG4d4ykFww02up_GYo
