timestamp,temperature_c,humidity_pct
9/09/2025 18:13,22.5,50.3
9/09/2025 18:13,22.5,50.4
9/09/2025 18:13,22.5,50.4
9/09/2025 18:13,22.5,50.2
9/09/2025 18:13,22.5,50.2
9/09/2025 18:13,22.4,50.1
9/09/2025 18:14,22.4,50.1
9/09/2025 18:14,22.4,50.1
9/09/2025 18:14,22.4,50.1
9/09/2025 18:14,22.5,50.1
9/09/2025 18:14,22.5,50.1
9/09/2025 18:14,22.5,50.1
9/09/2025 18:14,22.5,50.1
9/09/2025 18:14,22.4,50.1
9/09/2025 18:14,22.4,50.1
9/09/2025 18:14,22.5,50
9/09/2025 18:14,22.5,50
9/09/2025 18:14,22.5,50.1
9/09/2025 18:14,22.5,50.1
9/09/2025 18:14,22.5,50.2
9/09/2025 18:14,22.5,50.2
9/09/2025 18:14,22.4,50.1
9/09/2025 18:14,22.4,50.1
9/09/2025 18:14,22.5,50.2
9/09/2025 18:14,22.5,50.2
9/09/2025 18:14,22.4,50.1
9/09/2025 18:14,22.4,50.1
9/09/2025 18:14,22.4,49.9
9/09/2025 18:14,22.4,49.9
9/09/2025 18:14,22.5,50
9/09/2025 18:14,22.5,50
9/09/2025 18:14,22.4,49.9
9/09/2025 18:14,22.4,49.9
9/09/2025 18:14,22.4,50
9/09/2025 18:14,22.4,50
9/09/2025 18:14,22.4,50
9/09/2025 18:14,22.4,50
9/09/2025 18:14,22.4,50
9/09/2025 18:14,22.4,50
9/09/2025 18:14,22.4,50.1
9/09/2025 18:14,22.4,50.1
9/09/2025 18:14,22.4,49.9
9/09/2025 18:14,22.4,49.9
9/09/2025 18:14,22.4,49.8
9/09/2025 18:14,22.4,49.8
9/09/2025 18:14,22.4,49.8
9/09/2025 18:14,22.4,49.8
9/09/2025 18:14,22.4,49.9
9/09/2025 18:14,22.4,49.9
9/09/2025 18:14,22.4,50.1
9/09/2025 18:14,22.4,50.1
9/09/2025 18:14,22.4,50.1
9/09/2025 18:14,22.4,50.1
9/09/2025 18:14,22.4,50
9/09/2025 18:14,22.4,50
9/09/2025 18:14,22.4,50
9/09/2025 18:14,22.4,50
9/09/2025 18:14,22.4,50.1
9/09/2025 18:14,22.4,50.1
9/09/2025 18:14,22.4,50.3
9/09/2025 18:14,22.4,50.3
9/09/2025 18:15,22.4,50.3
9/09/2025 18:15,22.4,50.3
9/09/2025 18:15,22.4,51.6
9/09/2025 18:15,22.4,51.6
9/09/2025 18:15,22.4,51.7
9/09/2025 18:15,22.4,51.7
9/09/2025 18:15,22.4,51.8
9/09/2025 18:15,22.4,51.8
9/09/2025 18:15,22.4,51.5
9/09/2025 18:15,22.4,51.5
9/09/2025 18:15,22.4,51.3
9/09/2025 18:15,22.4,51.3
9/09/2025 18:15,22.4,51.2
9/09/2025 18:15,22.4,51.2
9/09/2025 18:15,22.4,51.1
9/09/2025 18:15,22.4,51.1
9/09/2025 18:15,22.4,50.7
9/09/2025 18:15,22.4,50.7
9/09/2025 18:15,22.4,50.6
9/09/2025 18:15,22.4,50.6
9/09/2025 18:15,22.4,50.5
9/09/2025 18:15,22.4,50.5
9/09/2025 18:15,22.4,50.3
9/09/2025 18:15,22.4,50.3
9/09/2025 18:15,22.4,50.1
9/09/2025 18:15,22.4,50.1
9/09/2025 18:15,22.4,50.1
9/09/2025 18:15,22.4,50.1
9/09/2025 18:15,22.4,50
9/09/2025 18:15,22.4,50
9/09/2025 18:15,22.4,50.2
9/09/2025 18:15,22.4,50.2
9/09/2025 18:15,22.4,50.2
9/09/2025 18:15,22.4,50.2
9/09/2025 18:15,22.4,50.2
9/09/2025 18:15,22.4,50.2
9/09/2025 18:15,22.4,50.1
9/09/2025 18:15,22.4,50.1
9/09/2025 18:15,22.4,50
9/09/2025 18:15,22.4,50
9/09/2025 18:15,22.4,50
9/09/2025 18:15,22.4,50
9/09/2025 18:15,22.4,49.9
9/09/2025 18:15,22.4,49.9
9/09/2025 18:15,22.4,50
9/09/2025 18:15,22.4,50
9/09/2025 18:15,22.3,49.9
9/09/2025 18:15,22.3,49.9
9/09/2025 18:15,22.3,49.9
9/09/2025 18:15,22.3,49.9
9/09/2025 18:15,22.4,49.8
9/09/2025 18:15,22.4,49.8
9/09/2025 18:15,22.3,49.9
9/09/2025 18:15,22.3,49.9
9/09/2025 18:15,22.4,49.9
9/09/2025 18:15,22.4,49.9
9/09/2025 18:15,22.3,49.8
9/09/2025 18:15,22.3,49.8
9/09/2025 18:15,22.4,49.7
9/09/2025 18:15,22.4,49.7
9/09/2025 18:16,22.3,49.8
9/09/2025 18:16,22.3,49.8
9/09/2025 18:16,22.3,49.9
9/09/2025 18:16,22.3,49.9
9/09/2025 18:16,22.3,49.8
9/09/2025 18:16,22.3,49.8
9/09/2025 18:16,22.3,49.8
9/09/2025 18:16,22.3,49.8
9/09/2025 18:16,22.4,50
9/09/2025 18:16,22.4,50
9/09/2025 18:16,22.3,49.8
9/09/2025 18:16,22.3,49.8
9/09/2025 18:16,22.3,49.8
9/09/2025 18:16,22.3,49.8
9/09/2025 18:16,22.3,49.8
9/09/2025 18:16,22.3,49.8
9/09/2025 18:16,22.3,49.9
9/09/2025 18:16,22.3,49.9
9/09/2025 18:16,22.3,50
9/09/2025 18:16,22.3,50
9/09/2025 18:16,22.3,50
9/09/2025 18:16,22.3,50
9/09/2025 18:16,22.3,49.8
9/09/2025 18:16,22.3,49.8
9/09/2025 18:16,22.3,50
9/09/2025 18:16,22.3,50
9/09/2025 18:16,22.3,49.9
9/09/2025 18:16,22.3,49.9
9/09/2025 18:16,22.3,49.9
9/09/2025 18:16,22.3,49.9
9/09/2025 18:16,22.3,50.1
9/09/2025 18:16,22.3,50.1
9/09/2025 18:16,22.2,49.9
9/09/2025 18:16,22.2,49.9
9/09/2025 18:16,22.3,50
9/09/2025 18:16,22.3,50
9/09/2025 18:16,22.2,50.1
9/09/2025 18:16,22.2,50.1
9/09/2025 18:16,22.2,50
9/09/2025 18:16,22.2,50
9/09/2025 18:16,22.3,50.1
9/09/2025 18:16,22.3,50.1
9/09/2025 18:16,22.2,50
9/09/2025 18:16,22.2,50
9/09/2025 18:16,22.3,50.1
9/09/2025 18:16,22.3,50.1
9/09/2025 18:16,22.2,50.2
9/09/2025 18:16,22.2,50.2
9/09/2025 18:16,22.2,50.2
9/09/2025 18:16,22.2,50.2
9/09/2025 18:16,22.2,50
9/09/2025 18:16,22.2,50
9/09/2025 18:16,22.3,50.1
9/09/2025 18:16,22.3,50.1
9/09/2025 18:16,22.3,50.2
9/09/2025 18:16,22.3,50.2
9/09/2025 18:16,22.2,50.3
9/09/2025 18:16,22.2,50.3
9/09/2025 18:16,22.2,50.1
9/09/2025 18:16,22.2,50.1
9/09/2025 18:17,22.2,50.2
9/09/2025 18:17,22.2,50.2
9/09/2025 18:17,22.2,50.1
9/09/2025 18:17,22.2,50.1
9/09/2025 18:17,22.2,50.2
9/09/2025 18:17,22.2,50.2
9/09/2025 18:17,22.2,50.2
9/09/2025 18:17,22.2,50.2
9/09/2025 18:17,22.2,50.2
9/09/2025 18:17,22.2,50.2
9/09/2025 18:17,22.2,50.1
9/09/2025 18:17,22.2,50.1
9/09/2025 18:17,22.2,50.3
9/09/2025 18:17,22.2,50.3
9/09/2025 18:17,22.2,50.2
9/09/2025 18:17,22.2,50.2
9/09/2025 18:17,22.2,50.2
9/09/2025 18:17,22.2,50.2
9/09/2025 18:17,22.2,50.2
9/09/2025 18:17,22.2,50.2
9/09/2025 18:17,22.2,50.2
9/09/2025 18:17,22.2,50.2
9/09/2025 18:17,22.3,50.2
9/09/2025 18:17,22.3,50.2
9/09/2025 18:17,22.2,50.2
9/09/2025 18:17,22.2,50.2
9/09/2025 18:17,22.2,50.1
9/09/2025 18:17,22.2,50.1
9/09/2025 18:17,22.2,50.1
9/09/2025 18:17,22.2,50.1
9/09/2025 18:17,22.2,50.1
9/09/2025 18:17,22.2,50.1
9/09/2025 18:17,22.2,50.2
9/09/2025 18:17,22.2,50.2
9/09/2025 18:17,22.2,50.2
9/09/2025 18:17,22.2,50.2
9/09/2025 18:17,22.2,50.2
9/09/2025 18:17,22.2,50.2
9/09/2025 18:17,22.2,50.1
9/09/2025 18:17,22.2,50.1
9/09/2025 18:17,22.2,50.2
9/09/2025 18:17,22.2,50.2
9/09/2025 18:17,22.2,50.2
9/09/2025 18:17,22.2,50.2
9/09/2025 18:17,22.2,50.2
9/09/2025 18:17,22.2,50.2
9/09/2025 18:17,22.2,50.2
9/09/2025 18:17,22.2,50.2
9/09/2025 18:17,22.2,50.3
9/09/2025 18:17,22.2,50.3
9/09/2025 18:17,22.2,50.2
9/09/2025 18:17,22.2,50.2
9/09/2025 18:17,22.2,50.3
9/09/2025 18:17,22.2,50.3
9/09/2025 18:17,22.2,50.2
9/09/2025 18:17,22.2,50.2
9/09/2025 18:17,22.2,50.3
9/09/2025 18:17,22.2,50.3
9/09/2025 18:17,22.2,50.2
9/09/2025 18:17,22.2,50.2
9/09/2025 18:18,22.2,50.3
9/09/2025 18:18,22.2,50.3
9/09/2025 18:18,22.2,50.2
9/09/2025 18:18,22.2,50.2
9/09/2025 18:18,22.2,50.1
9/09/2025 18:18,22.2,50.1
9/09/2025 18:18,22.2,50.2
9/09/2025 18:18,22.2,50.2
9/09/2025 18:18,22.2,50.1
9/09/2025 18:18,22.2,50.1
9/09/2025 18:18,22.2,50.1
9/09/2025 18:18,22.2,50.1
9/09/2025 18:18,22.2,50.1
9/09/2025 18:18,22.2,50.1
9/09/2025 18:18,22.2,50.3
9/09/2025 18:18,22.2,50.3
9/09/2025 18:18,22.2,50.2
9/09/2025 18:18,22.2,50.2
9/09/2025 18:18,22.2,50.1
9/09/2025 18:18,22.2,50.1
9/09/2025 18:18,22.2,50.1
9/09/2025 18:18,22.2,50.1
9/09/2025 18:18,22.2,50.3
9/09/2025 18:18,22.2,50.3
9/09/2025 18:18,22.2,50.3
9/09/2025 18:18,22.2,50.3
9/09/2025 18:18,22.2,50.2
9/09/2025 18:18,22.2,50.2
9/09/2025 18:18,22.2,50.2
9/09/2025 18:18,22.2,50.2
9/09/2025 18:18,22.2,50.2
9/09/2025 18:18,22.2,50.2
9/09/2025 18:18,22.2,50.3
9/09/2025 18:18,22.2,50.3
9/09/2025 18:18,22.2,50.1
9/09/2025 18:18,22.2,50.1
9/09/2025 18:18,22.2,50.3
9/09/2025 18:18,22.2,50.3
9/09/2025 18:18,22.2,50.2
9/09/2025 18:18,22.2,50.2
9/09/2025 18:18,22.2,50.3
9/09/2025 18:18,22.2,50.3
9/09/2025 18:18,22.2,50.2
9/09/2025 18:18,22.2,50.2
9/09/2025 18:18,22.2,50.2
9/09/2025 18:18,22.2,50.2
9/09/2025 18:18,22.2,50.2
9/09/2025 18:18,22.2,50.2
9/09/2025 18:18,22.2,50.3
9/09/2025 18:18,22.2,50.3
9/09/2025 18:18,22.2,50.2
9/09/2025 18:18,22.2,50.2
9/09/2025 18:18,22.2,50.3
9/09/2025 18:18,22.2,50.3
9/09/2025 18:18,22.2,50.1
9/09/2025 18:18,22.2,50.1
9/09/2025 18:18,22.3,50.3
9/09/2025 18:18,22.3,50.3
9/09/2025 18:18,22.2,50.2
9/09/2025 18:19,22.2,50.2
9/09/2025 18:19,22.2,50.2
9/09/2025 18:19,22.2,50.2
9/09/2025 18:19,22.3,50
9/09/2025 18:19,22.3,50
9/09/2025 18:19,22.2,50.2
9/09/2025 18:19,22.2,50.2
9/09/2025 18:19,22.2,50.2
9/09/2025 18:19,22.2,50.2
9/09/2025 18:19,22.2,50.2
9/09/2025 18:19,22.2,50.2
9/09/2025 18:19,22.2,50.3
9/09/2025 18:19,22.2,50.3
9/09/2025 18:19,22.2,50.3
9/09/2025 18:19,22.2,50.3
9/09/2025 18:19,22.3,50.3
9/09/2025 18:19,22.3,50.3
9/09/2025 18:19,22.2,50.2
9/09/2025 18:19,22.2,50.2
9/09/2025 18:19,22.2,50.2
9/09/2025 18:19,22.2,50.2
9/09/2025 18:19,22.3,50.1
9/09/2025 18:19,22.3,50.1
9/09/2025 18:19,22.2,50.2
9/09/2025 18:19,22.2,50.2
9/09/2025 18:19,22.2,50.4
9/09/2025 18:19,22.2,50.4
9/09/2025 18:19,22.2,50.2
9/09/2025 18:19,22.2,50.2
9/09/2025 18:19,22.2,50.2
9/09/2025 18:19,22.2,50.2
9/09/2025 18:19,22.2,50.2
9/09/2025 18:19,22.2,50.2
9/09/2025 18:19,22.2,50.3
9/09/2025 18:19,22.2,50.3
9/09/2025 18:19,22.2,50.2
9/09/2025 18:19,22.2,50.2
9/09/2025 18:19,22.2,50.2
9/09/2025 18:19,22.2,50.2
9/09/2025 18:19,22.2,50.2
9/09/2025 18:19,22.2,50.2
9/09/2025 18:19,22.2,50.3
9/09/2025 18:19,22.2,50.3
9/09/2025 18:19,22.3,50.3
9/09/2025 18:19,22.3,50.3
9/09/2025 18:19,22.2,50.2
9/09/2025 18:19,22.2,50.2
9/09/2025 18:19,22.2,50.3
9/09/2025 18:19,22.2,50.3
9/09/2025 18:19,22.2,50.2
9/09/2025 18:19,22.2,50.2
9/09/2025 18:19,22.2,50.2
9/09/2025 18:19,22.2,50.2
9/09/2025 18:19,22.2,50.2
9/09/2025 18:19,22.2,50.2
9/09/2025 18:19,22.2,50.3
9/09/2025 18:19,22.2,50.3
9/09/2025 18:19,22.2,50.1
9/09/2025 18:19,22.2,50.1
9/09/2025 18:19,22.2,50.1
9/09/2025 18:20,22.2,50.1
9/09/2025 18:20,22.3,50.2
9/09/2025 18:20,22.3,50.2
9/09/2025 18:20,22.2,50.2
9/09/2025 18:20,22.2,50.2
9/09/2025 18:20,22.2,50.2
9/09/2025 18:20,22.2,50.2
9/09/2025 18:20,22.2,50.2
9/09/2025 18:20,22.2,50.2
9/09/2025 18:20,22.2,50.2
9/09/2025 18:20,22.2,50.2
9/09/2025 18:20,22.2,50.2
9/09/2025 18:20,22.2,50.2
9/09/2025 18:20,22.2,50.1
9/09/2025 18:20,22.2,50.1
9/09/2025 18:20,22.2,50.2
9/09/2025 18:20,22.2,50.2
9/09/2025 18:20,22.2,50.3
9/09/2025 18:20,22.2,50.3
9/09/2025 18:20,22.3,50.2
9/09/2025 18:20,22.3,50.2
9/09/2025 18:20,22.2,50.3
9/09/2025 18:20,22.2,50.3
9/09/2025 18:20,22.3,50.2
9/09/2025 18:20,22.3,50.2
9/09/2025 18:20,22.2,50.3
9/09/2025 18:20,22.2,50.3
9/09/2025 18:20,22.2,50.2
9/09/2025 18:20,22.2,50.2
9/09/2025 18:20,22.2,50.2
9/09/2025 18:20,22.2,50.2
9/09/2025 18:20,22.2,50.3
9/09/2025 18:20,22.2,50.3
9/09/2025 18:20,22.2,50.2
9/09/2025 18:20,22.2,50.2
9/09/2025 18:20,22.2,50.1
9/09/2025 18:20,22.2,50.1
9/09/2025 18:20,22.2,50.2
9/09/2025 18:20,22.2,50.2
9/09/2025 18:20,22.2,50.3
9/09/2025 18:20,22.2,50.3
9/09/2025 18:20,22.3,50.4
9/09/2025 18:20,22.3,50.4
9/09/2025 18:20,22.2,50.2
9/09/2025 18:20,22.2,50.2
9/09/2025 18:20,22.2,50.3
9/09/2025 18:20,22.2,50.3
9/09/2025 18:20,22.2,50.2
9/09/2025 18:20,22.2,50.2
9/09/2025 18:20,22.3,50.3
9/09/2025 18:20,22.3,50.3
9/09/2025 18:20,22.3,50.3
9/09/2025 18:20,22.3,50.3
9/09/2025 18:20,22.2,50.4
9/09/2025 18:20,22.2,50.4
9/09/2025 18:20,22.2,50.3
9/09/2025 18:20,22.2,50.3
9/09/2025 18:20,22.3,50.3
9/09/2025 18:20,22.3,50.3
9/09/2025 18:20,22.3,50.2
9/09/2025 18:21,22.3,50.2
9/09/2025 18:21,22.2,50.2
9/09/2025 18:21,22.2,50.2
9/09/2025 18:21,22.3,50.2
9/09/2025 18:21,22.3,50.2
9/09/2025 18:21,22.3,50.1
9/09/2025 18:21,22.3,50.1
9/09/2025 18:21,22.3,50.3
9/09/2025 18:21,22.3,50.3
9/09/2025 18:21,22.3,50.2
9/09/2025 18:21,22.3,50.2
9/09/2025 18:21,22.3,50.2
9/09/2025 18:21,22.3,50.2
9/09/2025 18:21,22.3,50.2
9/09/2025 18:21,22.3,50.2
9/09/2025 18:21,22.3,50.4
9/09/2025 18:21,22.3,50.4
9/09/2025 18:21,22.2,50.2
9/09/2025 18:21,22.2,50.2
9/09/2025 18:21,22.2,50.3
9/09/2025 18:21,22.2,50.3
9/09/2025 18:21,22.3,50.3
9/09/2025 18:21,22.3,50.3
9/09/2025 18:21,22.3,50.3
9/09/2025 18:21,22.3,50.3
9/09/2025 18:21,22.3,50.2
9/09/2025 18:21,22.3,50.2
9/09/2025 18:21,22.3,50.2
9/09/2025 18:21,22.3,50.2
9/09/2025 18:21,22.3,50.3
9/09/2025 18:21,22.3,50.3
9/09/2025 18:21,22.2,50.1
9/09/2025 18:21,22.2,50.1
9/09/2025 18:21,22.3,50.3
9/09/2025 18:21,22.3,50.3
9/09/2025 18:21,22.3,50.2
9/09/2025 18:21,22.3,50.2
9/09/2025 18:21,22.3,50.3
9/09/2025 18:21,22.3,50.3
9/09/2025 18:21,22.2,50.3
9/09/2025 18:21,22.2,50.3
9/09/2025 18:21,22.2,50.2
9/09/2025 18:21,22.2,50.2
9/09/2025 18:21,22.3,50.2
9/09/2025 18:21,22.3,50.2
9/09/2025 18:21,22.3,50.2
9/09/2025 18:21,22.3,50.2
9/09/2025 18:21,22.2,50.3
9/09/2025 18:21,22.2,50.3
9/09/2025 18:21,22.2,50.2
9/09/2025 18:21,22.2,50.2
9/09/2025 18:21,22.3,50.2
9/09/2025 18:21,22.3,50.2
9/09/2025 18:21,22.3,50.2
9/09/2025 18:21,22.3,50.2
9/09/2025 18:21,22.3,50
9/09/2025 18:21,22.3,50
9/09/2025 18:21,22.3,50.2
9/09/2025 18:21,22.3,50.2
9/09/2025 18:21,22.3,50.2
9/09/2025 18:22,22.3,50.2
9/09/2025 18:22,22.3,50.3
9/09/2025 18:22,22.3,50.3
9/09/2025 18:22,22.2,50.2
9/09/2025 18:22,22.2,50.2
9/09/2025 18:22,22.3,50.2
9/09/2025 18:22,22.3,50.2
9/09/2025 18:22,22.2,50.3
9/09/2025 18:22,22.2,50.3
9/09/2025 18:22,22.3,50.3
9/09/2025 18:22,22.3,50.3
9/09/2025 18:22,22.3,50.2
9/09/2025 18:22,22.3,50.2
9/09/2025 18:22,22.3,50.2
9/09/2025 18:22,22.3,50.2
9/09/2025 18:22,22.3,50.2
9/09/2025 18:22,22.3,50.2
9/09/2025 18:22,22.3,50.2
9/09/2025 18:22,22.3,50.2
9/09/2025 18:22,22.3,50.2
9/09/2025 18:22,22.3,50.2
9/09/2025 18:22,22.3,50.2
9/09/2025 18:22,22.3,50.2
9/09/2025 18:22,22.3,50.2
9/09/2025 18:22,22.3,50.2
9/09/2025 18:22,22.3,50.3
9/09/2025 18:22,22.3,50.3
9/09/2025 18:22,22.3,50.3
9/09/2025 18:22,22.3,50.3
9/09/2025 18:22,22.3,50.1
9/09/2025 18:22,22.3,50.1
9/09/2025 18:22,22.3,50.2
9/09/2025 18:22,22.3,50.2
9/09/2025 18:22,22.3,50.2
9/09/2025 18:22,22.3,50.2
9/09/2025 18:22,22.3,50.3
9/09/2025 18:22,22.3,50.3
9/09/2025 18:22,22.3,50.2
9/09/2025 18:22,22.3,50.2
9/09/2025 18:22,22.3,50.2
9/09/2025 18:22,22.3,50.2
9/09/2025 18:22,22.3,50.2
9/09/2025 18:22,22.3,50.2
9/09/2025 18:22,22.3,50.2
9/09/2025 18:22,22.3,50.2
9/09/2025 18:22,22.3,50.3
9/09/2025 18:22,22.3,50.3
9/09/2025 18:22,22.3,50.2
9/09/2025 18:22,22.3,50.2
9/09/2025 18:22,22.3,50.2
9/09/2025 18:22,22.3,50.2
9/09/2025 18:22,22.3,50.2
9/09/2025 18:22,22.3,50.2
9/09/2025 18:22,22.3,50.2
9/09/2025 18:22,22.3,50.2
9/09/2025 18:22,22.3,50.2
9/09/2025 18:22,22.3,50.2
9/09/2025 18:22,22.3,50.1
9/09/2025 18:22,22.3,50.1
9/09/2025 18:22,22.3,50.2
9/09/2025 18:23,22.3,50.2
9/09/2025 18:23,22.2,50.2
9/09/2025 18:23,22.2,50.2
9/09/2025 18:23,22.3,50.2
9/09/2025 18:23,22.3,50.2
9/09/2025 18:23,22.3,50.2
9/09/2025 18:23,22.3,50.2
9/09/2025 18:23,22.3,50.2
9/09/2025 18:23,22.3,50.2
9/09/2025 18:23,22.3,50.2
9/09/2025 18:23,22.3,50.2
9/09/2025 18:23,22.3,50.2
9/09/2025 18:23,22.3,50.2
9/09/2025 18:23,22.3,50.2
9/09/2025 18:23,22.3,50.2
9/09/2025 18:23,22.3,50.3
9/09/2025 18:23,22.3,50.3
9/09/2025 18:23,22.3,50.2
9/09/2025 18:23,22.3,50.2
9/09/2025 18:23,22.3,50.2
9/09/2025 18:23,22.3,50.2
9/09/2025 18:23,22.3,50.1
9/09/2025 18:23,22.3,50.1
9/09/2025 18:23,22.2,50.2
9/09/2025 18:23,22.2,50.2
9/09/2025 18:23,22.3,50.2
9/09/2025 18:23,22.3,50.2
9/09/2025 18:23,22.2,50.3
9/09/2025 18:23,22.2,50.3
9/09/2025 18:23,22.3,50.3
9/09/2025 18:23,22.3,50.3
9/09/2025 18:23,22.3,50.2
9/09/2025 18:23,22.3,50.2
9/09/2025 18:23,22.3,50.2
9/09/2025 18:23,22.3,50.2
9/09/2025 18:23,22.3,50.1
9/09/2025 18:23,22.3,50.1
9/09/2025 18:23,22.2,50.2
9/09/2025 18:23,22.2,50.2
9/09/2025 18:23,22.3,50.3
9/09/2025 18:23,22.3,50.3
9/09/2025 18:23,22.3,50.4
9/09/2025 18:23,22.3,50.4
9/09/2025 18:23,22.2,50.3
9/09/2025 18:23,22.2,50.3
9/09/2025 18:23,22.3,50.4
9/09/2025 18:23,22.3,50.4
9/09/2025 18:23,22.3,50.2
9/09/2025 18:23,22.3,50.2
9/09/2025 18:23,22.3,50.1
9/09/2025 18:23,22.3,50.1
9/09/2025 18:23,22.3,50.3
9/09/2025 18:23,22.3,50.3
9/09/2025 18:23,22.3,50.3
9/09/2025 18:23,22.3,50.3
9/09/2025 18:23,22.2,50.3
9/09/2025 18:23,22.2,50.3
9/09/2025 18:24,22.3,50.2
9/09/2025 18:24,22.3,50.2
9/09/2025 18:24,22.3,50.2
9/09/2025 18:24,22.3,50.2
9/09/2025 18:24,22.3,50.2
9/09/2025 18:24,22.3,50.2
9/09/2025 18:24,22.3,50.3
9/09/2025 18:24,22.3,50.3
9/09/2025 18:24,22.3,50.3
9/09/2025 18:24,22.3,50.3
9/09/2025 18:24,22.3,50.2
9/09/2025 18:24,22.3,50.2
9/09/2025 18:24,22.2,50.2
9/09/2025 18:24,22.2,50.2
9/09/2025 18:24,22.3,50.2
9/09/2025 18:24,22.3,50.2
9/09/2025 18:24,22.3,50.1
9/09/2025 18:24,22.3,50.1
9/09/2025 18:24,22.3,50.2
9/09/2025 18:24,22.3,50.2
9/09/2025 18:24,22.2,50.3
9/09/2025 18:24,22.2,50.3
9/09/2025 18:24,22.3,50.3
9/09/2025 18:24,22.3,50.3
9/09/2025 18:24,22.3,50.1
9/09/2025 18:24,22.3,50.1
9/09/2025 18:24,22.2,50.1
9/09/2025 18:24,22.2,50.1
9/09/2025 18:24,22.3,50.3
9/09/2025 18:24,22.3,50.3
9/09/2025 18:24,22.3,50.1
9/09/2025 18:24,22.3,50.1
9/09/2025 18:24,22.3,50.3
9/09/2025 18:24,22.3,50.3
9/09/2025 18:24,22.3,50.2
9/09/2025 18:24,22.3,50.2
9/09/2025 18:24,22.3,50.2
9/09/2025 18:24,22.3,50.2
9/09/2025 18:24,22.3,50.2
9/09/2025 18:24,22.3,50.2
9/09/2025 18:24,22.3,50.3
9/09/2025 18:24,22.3,50.3
9/09/2025 18:24,22.3,50.3
9/09/2025 18:24,22.3,50.3
9/09/2025 18:24,22.2,50.2
9/09/2025 18:24,22.2,50.2
9/09/2025 18:24,22.3,50.3
9/09/2025 18:24,22.3,50.3
9/09/2025 18:24,22.3,50.1
9/09/2025 18:24,22.3,50.1
9/09/2025 18:24,22.3,50.3
9/09/2025 18:24,22.3,50.3
9/09/2025 18:24,22.3,50.2
9/09/2025 18:24,22.3,50.2
9/09/2025 18:24,22.3,50.2
9/09/2025 18:24,22.3,50.2
9/09/2025 18:24,22.3,50.2
9/09/2025 18:24,22.3,50.2
9/09/2025 18:24,22.2,50.3
9/09/2025 18:24,22.2,50.3
9/09/2025 18:25,22.3,50.2
9/09/2025 18:25,22.3,50.2
9/09/2025 18:25,22.3,50.2
9/09/2025 18:25,22.3,50.2
9/09/2025 18:25,22.3,50.1
9/09/2025 18:25,22.3,50.1
9/09/2025 18:25,22.3,50.2
9/09/2025 18:25,22.3,50.2
9/09/2025 18:25,22.3,50.3
9/09/2025 18:25,22.3,50.3
9/09/2025 18:25,22.3,50.1
9/09/2025 18:25,22.3,50.1
9/09/2025 18:25,22.2,50.2
9/09/2025 18:25,22.2,50.2
9/09/2025 18:25,22.3,50.1
9/09/2025 18:25,22.3,50.1
9/09/2025 18:25,22.3,50.3
9/09/2025 18:25,22.3,50.3
9/09/2025 18:25,22.3,50.1
9/09/2025 18:25,22.3,50.1
9/09/2025 18:25,22.2,50.2
9/09/2025 18:25,22.2,50.2
9/09/2025 18:25,22.3,50.3
9/09/2025 18:25,22.3,50.3
9/09/2025 18:25,22.3,50.2
9/09/2025 18:25,22.3,50.2
9/09/2025 18:25,22.3,50.3
9/09/2025 18:25,22.3,50.3
9/09/2025 18:25,22.3,50.2
9/09/2025 18:25,22.3,50.2
9/09/2025 18:25,22.3,50.2
9/09/2025 18:25,22.3,50.2
9/09/2025 18:25,22.3,50.2
9/09/2025 18:25,22.3,50.2
9/09/2025 18:25,22.3,50.2
9/09/2025 18:25,22.3,50.2
9/09/2025 18:25,22.3,50.2
9/09/2025 18:25,22.3,50.2
9/09/2025 18:25,22.3,50.2
9/09/2025 18:25,22.3,50.2
9/09/2025 18:25,22.3,50.2
9/09/2025 18:25,22.3,50.2
9/09/2025 18:25,22.3,50.3
9/09/2025 18:25,22.3,50.3
9/09/2025 18:25,22.3,50.2
9/09/2025 18:25,22.3,50.2
9/09/2025 18:25,22.3,50.3
9/09/2025 18:25,22.3,50.3
9/09/2025 18:25,22.3,50.3
9/09/2025 18:25,22.3,50.3
9/09/2025 18:25,22.3,50.2
9/09/2025 18:25,22.3,50.2
9/09/2025 18:25,22.3,50.3
9/09/2025 18:25,22.3,50.3
9/09/2025 18:25,22.2,50.1
9/09/2025 18:25,22.2,50.1
9/09/2025 18:25,22.3,50.1
9/09/2025 18:25,22.3,50.1
9/09/2025 18:25,22.2,50.3
9/09/2025 18:25,22.2,50.3
9/09/2025 18:26,22.3,50.3
9/09/2025 18:26,22.3,50.3
9/09/2025 18:26,22.3,50.2
9/09/2025 18:26,22.3,50.2
9/09/2025 18:26,22.3,50.3
9/09/2025 18:26,22.3,50.3
9/09/2025 18:26,22.3,50.3
9/09/2025 18:26,22.3,50.3
9/09/2025 18:26,22.3,50.1
9/09/2025 18:26,22.3,50.1
9/09/2025 18:26,22.3,50.2
9/09/2025 18:26,22.3,50.2
9/09/2025 18:26,22.3,50.1
9/09/2025 18:26,22.3,50.1
9/09/2025 18:26,22.3,50.3
9/09/2025 18:26,22.3,50.3
9/09/2025 18:26,22.3,50.3
9/09/2025 18:26,22.3,50.3
9/09/2025 18:26,22.3,50.2
9/09/2025 18:26,22.3,50.2
9/09/2025 18:26,22.3,50.2
9/09/2025 18:26,22.3,50.2
9/09/2025 18:26,22.3,50.1
9/09/2025 18:26,22.3,50.1
9/09/2025 18:26,22.3,50.4
9/09/2025 18:26,22.3,50.4
9/09/2025 18:26,22.3,50.2
9/09/2025 18:26,22.3,50.2
9/09/2025 18:26,22.3,50.1
9/09/2025 18:26,22.3,50.1
9/09/2025 18:26,22.3,50.3
9/09/2025 18:26,22.3,50.3
9/09/2025 18:26,22.3,50.2
9/09/2025 18:26,22.3,50.2
9/09/2025 18:26,22.3,50.3
9/09/2025 18:26,22.3,50.3
9/09/2025 18:26,22.3,50.1
9/09/2025 18:26,22.3,50.1
9/09/2025 18:26,22.3,50.3
9/09/2025 18:26,22.3,50.3
9/09/2025 18:26,22.3,50.2
9/09/2025 18:26,22.3,50.2
9/09/2025 18:26,22.3,50.4
9/09/2025 18:26,22.3,50.4
9/09/2025 18:26,22.3,50.3
9/09/2025 18:26,22.3,50.3
9/09/2025 18:26,22.3,50.2
9/09/2025 18:26,22.3,50.2
9/09/2025 18:26,22.3,50.1
9/09/2025 18:26,22.3,50.1
9/09/2025 18:26,22.2,50.2
9/09/2025 18:26,22.2,50.2
9/09/2025 18:26,22.3,50.3
9/09/2025 18:26,22.3,50.3
9/09/2025 18:26,22.3,50.2
9/09/2025 18:26,22.3,50.2
9/09/2025 18:26,22.3,50.3
9/09/2025 18:26,22.3,50.3
9/09/2025 18:27,22.3,50.3
9/09/2025 18:27,22.3,50.3
9/09/2025 18:27,22.3,50.2
9/09/2025 18:27,22.3,50.2
9/09/2025 18:27,22.3,50.1
9/09/2025 18:27,22.3,50.1
9/09/2025 18:27,22.3,50
9/09/2025 18:27,22.3,50
9/09/2025 18:27,22.3,50.2
9/09/2025 18:27,22.3,50.2
9/09/2025 18:27,22.3,50.3
9/09/2025 18:27,22.3,50.3
9/09/2025 18:27,22.3,50.2
9/09/2025 18:27,22.3,50.2
9/09/2025 18:27,22.3,50.2
9/09/2025 18:27,22.3,50.2
9/09/2025 18:27,22.3,50.1
9/09/2025 18:27,22.3,50.1
9/09/2025 18:27,22.3,50.2
9/09/2025 18:27,22.3,50.2
9/09/2025 18:27,22.3,50.2
9/09/2025 18:27,22.3,50.2
9/09/2025 18:27,22.3,50.1
9/09/2025 18:27,22.3,50.1
9/09/2025 18:27,22.3,50.2
9/09/2025 18:27,22.3,50.2
9/09/2025 18:27,22.3,50.2
9/09/2025 18:27,22.3,50.2
9/09/2025 18:27,22.3,50.2
9/09/2025 18:27,22.3,50.2
9/09/2025 18:27,22.3,50.2
9/09/2025 18:27,22.3,50.2
9/09/2025 18:27,22.3,50.2
9/09/2025 18:27,22.3,50.2
9/09/2025 18:27,22.3,50.2
9/09/2025 18:27,22.3,50.2
9/09/2025 18:27,22.3,50.1
9/09/2025 18:27,22.3,50.1
9/09/2025 18:27,22.3,50.2
9/09/2025 18:27,22.3,50.2
9/09/2025 18:27,22.3,50.2
9/09/2025 18:27,22.3,50.2
9/09/2025 18:27,22.3,50.1
9/09/2025 18:27,22.3,50.1
9/09/2025 18:27,22.3,50.2
9/09/2025 18:27,22.3,50.2
9/09/2025 18:27,22.3,50.3
9/09/2025 18:27,22.3,50.3
9/09/2025 18:27,22.3,50.2
9/09/2025 18:27,22.3,50.2
9/09/2025 18:27,22.3,50.2
9/09/2025 18:27,22.3,50.2
9/09/2025 18:27,22.3,50.3
9/09/2025 18:27,22.3,50.3
9/09/2025 18:27,22.3,50.2
9/09/2025 18:27,22.3,50.2
9/09/2025 18:27,22.3,50.3
9/09/2025 18:27,22.3,50.3
9/09/2025 18:27,22.3,50.2
9/09/2025 18:28,22.3,50.2
9/09/2025 18:28,22.3,50.2
9/09/2025 18:28,22.3,50.2
9/09/2025 18:28,22.3,50.2
9/09/2025 18:28,22.3,50.2
9/09/2025 18:28,22.3,50.3
9/09/2025 18:28,22.3,50.3
9/09/2025 18:28,22.3,50.3
9/09/2025 18:28,22.3,50.3
9/09/2025 18:28,22.3,50.2
9/09/2025 18:28,22.3,50.2
9/09/2025 18:28,22.3,50.2
9/09/2025 18:28,22.3,50.2
9/09/2025 18:28,22.3,50.3
9/09/2025 18:28,22.3,50.3
9/09/2025 18:28,22.3,50.2
9/09/2025 18:28,22.3,50.2
9/09/2025 18:28,22.3,50.3
9/09/2025 18:28,22.3,50.3
9/09/2025 18:28,22.3,50.2
9/09/2025 18:28,22.3,50.2
9/09/2025 18:28,22.3,50.2
9/09/2025 18:28,22.3,50.2
9/09/2025 18:28,22.3,50.1
9/09/2025 18:28,22.3,50.1
9/09/2025 18:28,22.3,50.3
9/09/2025 18:28,22.3,50.3
9/09/2025 18:28,22.3,50.3
9/09/2025 18:28,22.3,50.3
9/09/2025 18:28,22.3,50.2
9/09/2025 18:28,22.3,50.2
9/09/2025 18:28,22.3,50.3
9/09/2025 18:28,22.3,50.3
9/09/2025 18:28,22.3,50.2
9/09/2025 18:28,22.3,50.2
9/09/2025 18:28,22.2,50.3
9/09/2025 18:28,22.2,50.3
9/09/2025 18:28,22.3,50.2
9/09/2025 18:28,22.3,50.2
9/09/2025 18:28,22.3,50.3
9/09/2025 18:28,22.3,50.3
9/09/2025 18:28,22.3,50
9/09/2025 18:28,22.3,50
9/09/2025 18:28,22.3,50.2
9/09/2025 18:28,22.3,50.2
9/09/2025 18:28,22.3,50.4
9/09/2025 18:28,22.3,50.4
9/09/2025 18:28,22.3,50.2
9/09/2025 18:28,22.3,50.2
9/09/2025 18:28,22.3,50.3
9/09/2025 18:28,22.3,50.3
9/09/2025 18:28,22.3,50.1
9/09/2025 18:28,22.3,50.1
9/09/2025 18:28,22.3,50.5
9/09/2025 18:28,22.3,50.5
9/09/2025 18:28,22.3,50.3
9/09/2025 18:28,22.3,50.3
9/09/2025 18:28,22.3,50.3
9/09/2025 18:28,22.3,50.3
9/09/2025 18:28,22.3,50.2
9/09/2025 18:29,22.3,50.2
9/09/2025 18:29,22.3,50.2
9/09/2025 18:29,22.3,50.2
9/09/2025 18:29,22.3,50.3
9/09/2025 18:29,22.3,50.3
9/09/2025 18:29,22.3,50.2
9/09/2025 18:29,22.3,50.2
9/09/2025 18:29,22.3,50.1
9/09/2025 18:29,22.3,50.1
9/09/2025 18:29,22.3,50.3
9/09/2025 18:29,22.3,50.3
9/09/2025 18:29,22.3,50.1
9/09/2025 18:29,22.3,50.1
9/09/2025 18:29,22.3,50.3
9/09/2025 18:29,22.3,50.3
9/09/2025 18:29,22.3,50.2
9/09/2025 18:29,22.3,50.2
9/09/2025 18:29,22.3,50.3
9/09/2025 18:29,22.3,50.3
9/09/2025 18:29,22.3,50.1
9/09/2025 18:29,22.3,50.1
9/09/2025 18:29,22.3,50.3
9/09/2025 18:29,22.3,50.3
9/09/2025 18:29,22.3,50.2
9/09/2025 18:29,22.3,50.2
9/09/2025 18:29,22.2,50.2
9/09/2025 18:29,22.2,50.2
9/09/2025 18:29,22.3,50.3
9/09/2025 18:29,22.3,50.3
9/09/2025 18:29,22.2,50.4
9/09/2025 18:29,22.2,50.4
9/09/2025 18:29,22.3,50.3
9/09/2025 18:29,22.3,50.3
9/09/2025 18:29,22.3,50.3
9/09/2025 18:29,22.3,50.3
9/09/2025 18:29,22.3,50.2
9/09/2025 18:29,22.3,50.2
9/09/2025 18:29,22.2,50.3
9/09/2025 18:29,22.2,50.3
9/09/2025 18:29,22.3,50.3
9/09/2025 18:29,22.3,50.3
9/09/2025 18:29,22.3,50.3
9/09/2025 18:29,22.3,50.3
9/09/2025 18:29,22.2,50.2
9/09/2025 18:29,22.2,50.2
9/09/2025 18:29,22.3,50.2
9/09/2025 18:29,22.3,50.2
9/09/2025 18:29,22.2,50.3
9/09/2025 18:29,22.2,50.3
9/09/2025 18:29,22.3,50.1
9/09/2025 18:29,22.3,50.1
9/09/2025 18:29,22.2,50.2
9/09/2025 18:29,22.2,50.2
9/09/2025 18:29,22.2,50.2
9/09/2025 18:29,22.2,50.2
9/09/2025 18:29,22.3,50.2
9/09/2025 18:29,22.3,50.2
9/09/2025 18:29,22.3,50.4
9/09/2025 18:29,22.3,50.4
9/09/2025 18:29,22.2,50.2
9/09/2025 18:30,22.2,50.2
9/09/2025 18:30,22.3,50.3
9/09/2025 18:30,22.3,50.3
9/09/2025 18:30,22.3,50.3
9/09/2025 18:30,22.3,50.3
9/09/2025 18:30,22.2,50.2
9/09/2025 18:30,22.2,50.2
9/09/2025 18:30,22.3,50.3
9/09/2025 18:30,22.3,50.3
9/09/2025 18:30,22.2,50.4
9/09/2025 18:30,22.2,50.4
9/09/2025 18:30,22.2,50.2
9/09/2025 18:30,22.2,50.2
9/09/2025 18:30,22.2,50.3
9/09/2025 18:30,22.2,50.3
9/09/2025 18:30,22.2,50.3
9/09/2025 18:30,22.2,50.3
9/09/2025 18:30,22.2,50.2
9/09/2025 18:30,22.2,50.2
9/09/2025 18:30,22.3,50.3
9/09/2025 18:30,22.3,50.3
9/09/2025 18:30,22.3,50.3
9/09/2025 18:30,22.3,50.3
9/09/2025 18:30,22.2,50.3
9/09/2025 18:30,22.2,50.3
9/09/2025 18:30,22.2,50.4
9/09/2025 18:30,22.2,50.4
9/09/2025 18:30,22.2,50.2
9/09/2025 18:30,22.2,50.2
9/09/2025 18:30,22.3,50.3
9/09/2025 18:30,22.3,50.3
9/09/2025 18:30,22.3,50.3
9/09/2025 18:30,22.3,50.3
9/09/2025 18:30,22.2,50.4
9/09/2025 18:30,22.2,50.4
9/09/2025 18:30,22.2,50.4
9/09/2025 18:30,22.2,50.4
9/09/2025 18:30,22.2,50.4
9/09/2025 18:30,22.2,50.4
9/09/2025 18:30,22.2,50.3
9/09/2025 18:30,22.2,50.3
9/09/2025 18:30,22.2,50.3
9/09/2025 18:30,22.2,50.3
9/09/2025 18:30,22.2,50.4
9/09/2025 18:30,22.2,50.4
9/09/2025 18:30,22.2,50.3
9/09/2025 18:30,22.2,50.3
9/09/2025 18:30,22.2,50.4
9/09/2025 18:30,22.2,50.4
9/09/2025 18:30,22.2,50.3
9/09/2025 18:30,22.2,50.3
9/09/2025 18:30,22.2,50.3
9/09/2025 18:30,22.2,50.3
9/09/2025 18:30,22.2,50.2
9/09/2025 18:30,22.2,50.2
9/09/2025 18:30,22.2,50.2
9/09/2025 18:30,22.2,50.2
9/09/2025 18:30,22.2,50.3
9/09/2025 18:30,22.2,50.3
9/09/2025 18:30,22.2,50.4
9/09/2025 18:31,22.2,50.4
9/09/2025 18:31,22.2,50.3
9/09/2025 18:31,22.2,50.3
9/09/2025 18:31,22.2,50.3
9/09/2025 18:31,22.2,50.3
9/09/2025 18:31,22.2,50.4
9/09/2025 18:31,22.2,50.4
9/09/2025 18:31,22.2,50.3
9/09/2025 18:31,22.2,50.3
9/09/2025 18:31,22.2,50.3
9/09/2025 18:31,22.2,50.3
9/09/2025 18:31,22.2,50.4
9/09/2025 18:31,22.2,50.4
9/09/2025 18:31,22.2,50.4
9/09/2025 18:31,22.2,50.4
9/09/2025 18:31,22.2,50.4
9/09/2025 18:31,22.2,50.4
9/09/2025 18:31,22.2,50.3
9/09/2025 18:31,22.2,50.3
9/09/2025 18:31,22.2,50.3
9/09/2025 18:31,22.2,50.3
9/09/2025 18:31,22.2,50.3
9/09/2025 18:31,22.2,50.3
9/09/2025 18:31,22.1,50.3
9/09/2025 18:31,22.1,50.3
9/09/2025 18:31,22.2,50.3
9/09/2025 18:31,22.2,50.3
9/09/2025 18:31,22.2,50.4
9/09/2025 18:31,22.2,50.4
9/09/2025 18:31,22.2,50.4
9/09/2025 18:31,22.2,50.4
9/09/2025 18:31,22.2,50.3
9/09/2025 18:31,22.2,50.3
9/09/2025 18:31,22.2,50.3
9/09/2025 18:31,22.2,50.3
9/09/2025 18:31,22.2,50.4
9/09/2025 18:31,22.2,50.4
9/09/2025 18:31,22.2,50.4
9/09/2025 18:31,22.2,50.4
9/09/2025 18:31,22.2,50.4
9/09/2025 18:31,22.2,50.4
9/09/2025 18:31,22.2,50.4
9/09/2025 18:31,22.2,50.4
9/09/2025 18:31,22.2,50.3
9/09/2025 18:31,22.2,50.3
9/09/2025 18:31,22.2,50.3
9/09/2025 18:31,22.2,50.3
9/09/2025 18:31,22.2,50.3
9/09/2025 18:31,22.2,50.3
9/09/2025 18:31,22.2,50.2
9/09/2025 18:31,22.2,50.2
9/09/2025 18:31,22.2,50.4
9/09/2025 18:31,22.2,50.4
9/09/2025 18:31,22.2,50.5
9/09/2025 18:31,22.2,50.5
9/09/2025 18:31,22.2,50.5
9/09/2025 18:31,22.2,50.5
9/09/2025 18:31,22.2,50.5
9/09/2025 18:31,22.2,50.5
9/09/2025 18:32,22.2,50.4
9/09/2025 18:32,22.2,50.4
9/09/2025 18:32,22.2,50.3
9/09/2025 18:32,22.2,50.3
9/09/2025 18:32,22.1,50.3
9/09/2025 18:32,22.1,50.3
9/09/2025 18:32,22.2,50.4
9/09/2025 18:32,22.2,50.4
9/09/2025 18:32,22.2,50.4
9/09/2025 18:32,22.2,50.4
9/09/2025 18:32,22.2,50.4
9/09/2025 18:32,22.2,50.4
9/09/2025 18:32,22.2,50.5
9/09/2025 18:32,22.2,50.5
9/09/2025 18:32,22.2,50.3
9/09/2025 18:32,22.2,50.3
9/09/2025 18:32,22.2,50.4
9/09/2025 18:32,22.2,50.4
9/09/2025 18:32,22.2,50.5
9/09/2025 18:32,22.2,50.5
9/09/2025 18:32,22.2,50.4
9/09/2025 18:32,22.2,50.4
9/09/2025 18:32,22.2,50.4
9/09/2025 18:32,22.2,50.4
9/09/2025 18:32,22.1,50.4
9/09/2025 18:32,22.1,50.4
9/09/2025 18:32,22.2,50.4
9/09/2025 18:32,22.2,50.4
9/09/2025 18:32,22.2,50.4
9/09/2025 18:32,22.2,50.4
9/09/2025 18:32,22.2,50.4
9/09/2025 18:32,22.2,50.4
9/09/2025 18:32,22.2,50.3
9/09/2025 18:32,22.2,50.3
9/09/2025 18:32,22.2,50.4
9/09/2025 18:32,22.2,50.4
9/09/2025 18:32,22.2,50.3
9/09/2025 18:32,22.2,50.3
9/09/2025 18:32,22.1,50.4
9/09/2025 18:32,22.1,50.4
9/09/2025 18:32,22.1,50.3
9/09/2025 18:32,22.1,50.3
9/09/2025 18:32,22.1,50.4
9/09/2025 18:32,22.1,50.4
9/09/2025 18:32,22.2,50.3
9/09/2025 18:32,22.2,50.3
9/09/2025 18:32,22.2,50.1
9/09/2025 18:32,22.2,50.1
9/09/2025 18:32,22.1,50.3
9/09/2025 18:32,22.1,50.3
9/09/2025 18:32,22.2,50.3
9/09/2025 18:32,22.2,50.3
9/09/2025 18:32,22.2,50.3
9/09/2025 18:32,22.2,50.3
9/09/2025 18:32,22.1,50.5
9/09/2025 18:32,22.1,50.5
9/09/2025 18:32,22.2,50.4
9/09/2025 18:32,22.2,50.4
9/09/2025 18:32,22.2,50.3
9/09/2025 18:32,22.2,50.3
9/09/2025 18:33,22.2,50.4
9/09/2025 18:33,22.2,50.4
9/09/2025 18:33,22.2,50.3
9/09/2025 18:33,22.2,50.3
9/09/2025 18:33,22.2,50.3
9/09/2025 18:33,22.2,50.3
9/09/2025 18:33,22.2,50.4
9/09/2025 18:33,22.2,50.4
9/09/2025 18:33,22.1,50.4
9/09/2025 18:33,22.1,50.4
9/09/2025 18:33,22.2,50.4
9/09/2025 18:33,22.2,50.4
9/09/2025 18:33,22.2,50.5
9/09/2025 18:33,22.2,50.5
9/09/2025 18:33,22.2,50.3
9/09/2025 18:33,22.2,50.3
9/09/2025 18:33,22.2,50.4
9/09/2025 18:33,22.2,50.4
9/09/2025 18:33,22.2,50.5
9/09/2025 18:33,22.2,50.5
9/09/2025 18:33,22.1,50.4
9/09/2025 18:33,22.1,50.4
9/09/2025 18:33,22.2,50.4
9/09/2025 18:33,22.2,50.4
9/09/2025 18:33,22.2,50.3
9/09/2025 18:33,22.2,50.3
9/09/2025 18:33,22.1,50.4
9/09/2025 18:33,22.1,50.4
9/09/2025 18:33,22.2,50.4
9/09/2025 18:33,22.2,50.4
9/09/2025 18:33,22.1,50.4
9/09/2025 18:33,22.1,50.4
9/09/2025 18:33,22.1,50.4
9/09/2025 18:33,22.1,50.4
9/09/2025 18:33,22.1,50.4
9/09/2025 18:33,22.1,50.4
9/09/2025 18:33,22.2,50.4
9/09/2025 18:33,22.2,50.4
9/09/2025 18:33,22.2,50.4
9/09/2025 18:33,22.2,50.4
9/09/2025 18:33,22.1,50.5
9/09/2025 18:33,22.1,50.5
9/09/2025 18:33,22.1,50.3
9/09/2025 18:33,22.1,50.3
9/09/2025 18:33,22.1,50.4
9/09/2025 18:33,22.1,50.4
9/09/2025 18:33,22.1,50.4
9/09/2025 18:33,22.1,50.4
9/09/2025 18:33,22.1,50.4
9/09/2025 18:33,22.1,50.4
9/09/2025 18:33,22.2,50.5
9/09/2025 18:33,22.2,50.5
9/09/2025 18:33,22.1,50.4
9/09/2025 18:33,22.1,50.4
9/09/2025 18:33,22.1,50.5
9/09/2025 18:33,22.1,50.5
9/09/2025 18:33,22.1,50.5
9/09/2025 18:33,22.1,50.5
9/09/2025 18:33,22.1,50.4
9/09/2025 18:33,22.1,50.4
9/09/2025 18:34,22.1,50.4
9/09/2025 18:34,22.1,50.4
9/09/2025 18:34,22.1,50.4
9/09/2025 18:34,22.1,50.4
9/09/2025 18:34,22.1,50.4
9/09/2025 18:34,22.1,50.4
9/09/2025 18:34,22.1,50.4
9/09/2025 18:34,22.1,50.4
9/09/2025 18:34,22.1,50.4
9/09/2025 18:34,22.1,50.4
9/09/2025 18:34,22.1,50.4
9/09/2025 18:34,22.1,50.4
9/09/2025 18:34,22.2,50.5
9/09/2025 18:34,22.2,50.5
9/09/2025 18:34,22.1,50.4
9/09/2025 18:34,22.1,50.4
9/09/2025 18:34,22.1,50.5
9/09/2025 18:34,22.1,50.5
9/09/2025 18:34,22.1,50.4
9/09/2025 18:34,22.1,50.4
9/09/2025 18:34,22.1,50.5
9/09/2025 18:34,22.1,50.5
9/09/2025 18:34,22.2,50.3
9/09/2025 18:34,22.2,50.3
9/09/2025 18:34,22.2,50.4
9/09/2025 18:34,22.2,50.4
9/09/2025 18:34,22.1,50.3
9/09/2025 18:34,22.1,50.3
9/09/2025 18:34,22.1,50.3
9/09/2025 18:34,22.1,50.3
9/09/2025 18:34,22.2,50.3
9/09/2025 18:34,22.2,50.3
9/09/2025 18:34,22.1,50.4
9/09/2025 18:34,22.1,50.4
9/09/2025 18:34,22.1,50.4
9/09/2025 18:34,22.1,50.4
9/09/2025 18:34,22.2,50.4
9/09/2025 18:34,22.2,50.4
9/09/2025 18:34,22.1,50.4
9/09/2025 18:34,22.1,50.4
9/09/2025 18:34,22.1,50.4
9/09/2025 18:34,22.1,50.4
9/09/2025 18:34,22.2,50.4
9/09/2025 18:34,22.2,50.4
9/09/2025 18:34,22.1,50.5
9/09/2025 18:34,22.1,50.5
9/09/2025 18:34,22.1,50.4
9/09/2025 18:34,22.1,50.4
9/09/2025 18:34,22.1,50.3
9/09/2025 18:34,22.1,50.3
9/09/2025 18:34,22.2,50.5
9/09/2025 18:34,22.2,50.5
9/09/2025 18:34,22.1,50.5
9/09/2025 18:34,22.1,50.5
9/09/2025 18:34,22.1,50.4
9/09/2025 18:34,22.1,50.4
9/09/2025 18:34,22.1,50.5
9/09/2025 18:34,22.1,50.5
9/09/2025 18:34,22.1,50.6
9/09/2025 18:34,22.1,50.6
9/09/2025 18:35,22.1,50.5
9/09/2025 18:35,22.1,50.5
9/09/2025 18:35,22.1,50.5
9/09/2025 18:35,22.1,50.5
9/09/2025 18:35,22.1,50.4
9/09/2025 18:35,22.1,50.4
9/09/2025 18:35,22.1,50.4
9/09/2025 18:35,22.1,50.4
9/09/2025 18:35,22.1,50.6
9/09/2025 18:35,22.1,50.6
9/09/2025 18:35,22.1,50.5
9/09/2025 18:35,22.1,50.5
9/09/2025 18:35,22.1,50.6
9/09/2025 18:35,22.1,50.6
9/09/2025 18:35,22.1,50.5
9/09/2025 18:35,22.1,50.5
9/09/2025 18:35,22.1,50.4
9/09/2025 18:35,22.1,50.4
9/09/2025 18:35,22.1,50.5
9/09/2025 18:35,22.1,50.5
9/09/2025 18:35,22.1,50.4
9/09/2025 18:35,22.1,50.4
9/09/2025 18:35,22.1,50.4
9/09/2025 18:35,22.1,50.4
9/09/2025 18:35,22.1,50.4
9/09/2025 18:35,22.1,50.4
9/09/2025 18:35,22.1,50.4
9/09/2025 18:35,22.1,50.4
9/09/2025 18:35,22.1,50.5
9/09/2025 18:35,22.1,50.5
9/09/2025 18:35,22.1,50.6
9/09/2025 18:35,22.1,50.6
9/09/2025 18:35,22.1,50.5
9/09/2025 18:35,22.1,50.5
9/09/2025 18:35,22.1,50.5
9/09/2025 18:35,22.1,50.5
9/09/2025 18:35,22.1,50.5
9/09/2025 18:35,22.1,50.5
9/09/2025 18:35,22.1,50.4
9/09/2025 18:35,22.1,50.4
9/09/2025 18:35,22.1,50.5
9/09/2025 18:35,22.1,50.5
9/09/2025 18:35,22.1,50.5
9/09/2025 18:35,22.1,50.5
9/09/2025 18:35,22.1,50.5
9/09/2025 18:35,22.1,50.5
9/09/2025 18:35,22.1,50.5
9/09/2025 18:35,22.1,50.5
9/09/2025 18:35,22.1,50.5
9/09/2025 18:35,22.1,50.5
9/09/2025 18:35,22.1,50.5
9/09/2025 18:35,22.1,50.5
9/09/2025 18:35,22.1,50.4
9/09/2025 18:35,22.1,50.4
9/09/2025 18:35,22.1,50.5
9/09/2025 18:35,22.1,50.5
9/09/2025 18:35,22.1,50.6
9/09/2025 18:35,22.1,50.6
9/09/2025 18:35,22.1,50.5
9/09/2025 18:36,22.1,50.5
9/09/2025 18:36,22.1,50.5
9/09/2025 18:36,22.1,50.5
9/09/2025 18:36,22.1,50.4
9/09/2025 18:36,22.1,50.4
9/09/2025 18:36,22.1,50.5
9/09/2025 18:36,22.1,50.5
9/09/2025 18:36,22.1,50.6
9/09/2025 18:36,22.1,50.6
9/09/2025 18:36,22.1,50.5
9/09/2025 18:36,22.1,50.5
9/09/2025 18:36,22.1,50.5
9/09/2025 18:36,22.1,50.5
9/09/2025 18:36,22.1,50.5
9/09/2025 18:36,22.1,50.5
9/09/2025 18:36,22.1,50.4
9/09/2025 18:36,22.1,50.4
9/09/2025 18:36,22.1,50.4
9/09/2025 18:36,22.1,50.4
9/09/2025 18:36,22.1,50.5
9/09/2025 18:36,22.1,50.5
9/09/2025 18:36,22.1,50.3
9/09/2025 18:36,22.1,50.3
9/09/2025 18:36,22.1,50.3
9/09/2025 18:36,22.1,50.3
9/09/2025 18:36,22.1,50.5
9/09/2025 18:36,22.1,50.5
9/09/2025 18:36,22.1,50.5
9/09/2025 18:36,22.1,50.5
9/09/2025 18:36,22.1,50.5
9/09/2025 18:36,22.1,50.5
9/09/2025 18:36,22.1,50.5
9/09/2025 18:36,22.1,50.5
9/09/2025 18:36,22.1,50.5
9/09/2025 18:36,22.1,50.5
9/09/2025 18:36,22.1,50.6
9/09/2025 18:36,22.1,50.6
9/09/2025 18:36,22.1,50.4
9/09/2025 18:36,22.1,50.4
9/09/2025 18:36,22.1,50.5
9/09/2025 18:36,22.1,50.5
9/09/2025 18:36,22.1,50.4
9/09/2025 18:36,22.1,50.4
9/09/2025 18:36,22.1,50.6
9/09/2025 18:36,22.1,50.6
9/09/2025 18:36,22.1,50.5
9/09/2025 18:36,22.1,50.5
9/09/2025 18:36,22.1,50.4
9/09/2025 18:36,22.1,50.4
9/09/2025 18:36,22.1,50.6
9/09/2025 18:36,22.1,50.6
9/09/2025 18:36,22.1,50.4
9/09/2025 18:36,22.1,50.4
9/09/2025 18:36,22.1,50.5
9/09/2025 18:36,22.1,50.5
9/09/2025 18:36,22.1,50.3
9/09/2025 18:36,22.1,50.3
9/09/2025 18:36,22.1,50.5
9/09/2025 18:36,22.1,50.5
9/09/2025 18:36,22.1,50.5
9/09/2025 18:37,22.1,50.5
9/09/2025 18:37,22.1,50.5
9/09/2025 18:37,22.1,50.5
9/09/2025 18:37,22.1,50.4
9/09/2025 18:37,22.1,50.4
9/09/2025 18:37,22.1,50.6
9/09/2025 18:37,22.1,50.6
9/09/2025 18:37,22.1,50.5
9/09/2025 18:37,22.1,50.5
9/09/2025 18:37,22.1,50.6
9/09/2025 18:37,22.1,50.6
9/09/2025 18:37,22.1,50.4
9/09/2025 18:37,22.1,50.4
9/09/2025 18:37,22.1,50.5
9/09/2025 18:37,22.1,50.5
9/09/2025 18:37,22.1,50.5
9/09/2025 18:37,22.1,50.5
9/09/2025 18:37,22.1,50.4
9/09/2025 18:37,22.1,50.4
9/09/2025 18:37,22.1,50.5
9/09/2025 18:37,22.1,50.5
9/09/2025 18:37,22.1,50.5
9/09/2025 18:37,22.1,50.5
9/09/2025 18:37,22,50.5
9/09/2025 18:37,22,50.5
9/09/2025 18:37,22.1,50.5
9/09/2025 18:37,22.1,50.5
9/09/2025 18:37,22.1,50.4
9/09/2025 18:37,22.1,50.4
9/09/2025 18:37,22.1,50.6
9/09/2025 18:37,22.1,50.6
9/09/2025 18:37,22.1,50.5
9/09/2025 18:37,22.1,50.5
9/09/2025 18:37,22.1,50.4
9/09/2025 18:37,22.1,50.4
9/09/2025 18:37,22.1,50.6
9/09/2025 18:37,22.1,50.6
9/09/2025 18:37,22.1,50.3
9/09/2025 18:37,22.1,50.3
9/09/2025 18:37,22.1,50.6
9/09/2025 18:37,22.1,50.6
9/09/2025 18:37,22,50.5
9/09/2025 18:37,22,50.5
9/09/2025 18:37,22.1,50.5
9/09/2025 18:37,22.1,50.5
9/09/2025 18:37,22.1,50.5
9/09/2025 18:37,22.1,50.5
9/09/2025 18:37,22,50.6
9/09/2025 18:37,22,50.6
9/09/2025 18:37,22.1,50.5
9/09/2025 18:37,22.1,50.5
9/09/2025 18:37,22.1,50.7
9/09/2025 18:37,22.1,50.7
9/09/2025 18:37,22.1,50.6
9/09/2025 18:37,22.1,50.6
9/09/2025 18:37,22.1,50.4
9/09/2025 18:37,22.1,50.4
9/09/2025 18:37,22.1,50.3
9/09/2025 18:37,22.1,50.3
9/09/2025 18:37,22.1,50.4
9/09/2025 18:38,22.1,50.4
9/09/2025 18:38,22,50.5
9/09/2025 18:38,22,50.5
9/09/2025 18:38,22.1,50.5
9/09/2025 18:38,22.1,50.5
9/09/2025 18:38,22.1,50.5
9/09/2025 18:38,22.1,50.5
9/09/2025 18:38,22,50.5
9/09/2025 18:38,22,50.5
9/09/2025 18:38,22.1,50.5
9/09/2025 18:38,22.1,50.5
9/09/2025 18:38,22.1,50.6
9/09/2025 18:38,22.1,50.6
9/09/2025 18:38,22.1,50.5
9/09/2025 18:38,22.1,50.5
9/09/2025 18:38,22.1,50.5
9/09/2025 18:38,22.1,50.5
9/09/2025 18:38,22,50.6
9/09/2025 18:38,22,50.6
9/09/2025 18:38,22.1,50.5
9/09/2025 18:38,22.1,50.5
9/09/2025 18:38,22.1,50.5
9/09/2025 18:38,22.1,50.5
9/09/2025 18:38,22,50.5
9/09/2025 18:38,22,50.5
9/09/2025 18:38,22,50.5
9/09/2025 18:38,22,50.5
9/09/2025 18:38,22,50.5
9/09/2025 18:38,22,50.5
9/09/2025 18:38,22.1,50.6
9/09/2025 18:38,22.1,50.6
9/09/2025 18:38,22,50.6
9/09/2025 18:38,22,50.6
9/09/2025 18:38,22.1,50.7
9/09/2025 18:38,22.1,50.7
9/09/2025 18:38,22,50.6
9/09/2025 18:38,22,50.6
9/09/2025 18:38,22.1,50.5
9/09/2025 18:38,22.1,50.5
9/09/2025 18:38,22.1,50.4
9/09/2025 18:38,22.1,50.4
9/09/2025 18:38,22,50.4
9/09/2025 18:38,22,50.4
9/09/2025 18:38,22,50.6
9/09/2025 18:38,22,50.6
9/09/2025 18:38,22,50.5
9/09/2025 18:38,22,50.5
9/09/2025 18:38,22,50.6
9/09/2025 18:38,22,50.6
9/09/2025 18:38,22,50.5
9/09/2025 18:38,22,50.5
9/09/2025 18:38,22,50.5
9/09/2025 18:38,22,50.5
9/09/2025 18:38,22,50.5
9/09/2025 18:38,22,50.5
9/09/2025 18:38,22,50.4
9/09/2025 18:38,22,50.4
9/09/2025 18:38,22.1,50.5
9/09/2025 18:38,22.1,50.5
9/09/2025 18:38,22.1,50.6
9/09/2025 18:39,22.1,50.6
9/09/2025 18:39,22,50.6
9/09/2025 18:39,22,50.6
9/09/2025 18:39,22,50.6
9/09/2025 18:39,22,50.6
9/09/2025 18:39,22,50.6
9/09/2025 18:39,22,50.6
9/09/2025 18:39,22,50.6
9/09/2025 18:39,22,50.6
9/09/2025 18:39,22.1,50.5
9/09/2025 18:39,22.1,50.5
9/09/2025 18:39,22,50.6
9/09/2025 18:39,22,50.6
9/09/2025 18:39,22,50.5
9/09/2025 18:39,22,50.5
9/09/2025 18:39,22,50.5
9/09/2025 18:39,22,50.5
9/09/2025 18:39,22,50.4
9/09/2025 18:39,22,50.4
9/09/2025 18:39,22,50.6
9/09/2025 18:39,22,50.6
9/09/2025 18:39,22.1,50.5
9/09/2025 18:39,22.1,50.5
9/09/2025 18:39,22.1,50.5
9/09/2025 18:39,22.1,50.5
9/09/2025 18:39,22,50.6
9/09/2025 18:39,22,50.6
9/09/2025 18:39,22,50.5
9/09/2025 18:39,22,50.5
9/09/2025 18:39,22.1,50.6
9/09/2025 18:39,22.1,50.6
9/09/2025 18:39,22.1,50.5
9/09/2025 18:39,22.1,50.5
9/09/2025 18:39,22.1,50.6
9/09/2025 18:39,22.1,50.6
9/09/2025 18:39,22,50.5
9/09/2025 18:39,22,50.5
9/09/2025 18:39,22.1,50.5
9/09/2025 18:39,22.1,50.5
9/09/2025 18:39,22,50.5
9/09/2025 18:39,22,50.5
9/09/2025 18:39,22,50.6
9/09/2025 18:39,22,50.6
9/09/2025 18:39,22.1,50.6
9/09/2025 18:39,22.1,50.6
9/09/2025 18:39,22.1,50.6
9/09/2025 18:39,22.1,50.6
9/09/2025 18:39,22.1,50.5
9/09/2025 18:39,22.1,50.5
9/09/2025 18:39,22,50.5
9/09/2025 18:39,22,50.5
9/09/2025 18:39,22.1,50.6
9/09/2025 18:39,22.1,50.6
9/09/2025 18:39,22,50.5
9/09/2025 18:39,22,50.5
9/09/2025 18:39,22.1,50.6
9/09/2025 18:39,22.1,50.6
9/09/2025 18:39,22,50.3
9/09/2025 18:39,22,50.3
9/09/2025 18:40,22,50.4
9/09/2025 18:40,22,50.4
9/09/2025 18:40,22,50.5
9/09/2025 18:40,22,50.5
9/09/2025 18:40,22,50.5
9/09/2025 18:40,22,50.5
9/09/2025 18:40,22,50.6
9/09/2025 18:40,22,50.6
9/09/2025 18:40,22,50.5
9/09/2025 18:40,22,50.5
9/09/2025 18:40,22.1,50.6
9/09/2025 18:40,22.1,50.6
9/09/2025 18:40,22,50.6
9/09/2025 18:40,22,50.6
9/09/2025 18:40,22,50.5
9/09/2025 18:40,22,50.5
9/09/2025 18:40,22.1,50.5
9/09/2025 18:40,22.1,50.5
9/09/2025 18:40,22,50.7
9/09/2025 18:40,22,50.7
9/09/2025 18:40,22,50.6
9/09/2025 18:40,22,50.6
9/09/2025 18:40,22,50.5
9/09/2025 18:40,22,50.5
9/09/2025 18:40,22,50.5
9/09/2025 18:40,22,50.5
9/09/2025 18:40,22,50.6
9/09/2025 18:40,22,50.6
9/09/2025 18:40,22,50.6
9/09/2025 18:40,22,50.6
9/09/2025 18:40,22,50.6
9/09/2025 18:40,22,50.6
9/09/2025 18:40,22,50.7
9/09/2025 18:40,22,50.7
9/09/2025 18:40,22,50.7
9/09/2025 18:40,22,50.7
9/09/2025 18:40,22,50.6
9/09/2025 18:40,22,50.6
9/09/2025 18:40,22,50.5
9/09/2025 18:40,22,50.5
9/09/2025 18:40,22,50.6
9/09/2025 18:40,22,50.6
9/09/2025 18:40,22.1,50.5
9/09/2025 18:40,22.1,50.5
9/09/2025 18:40,22,50.5
9/09/2025 18:40,22,50.5
9/09/2025 18:40,22,50.7
9/09/2025 18:40,22,50.7
9/09/2025 18:40,22.1,50.7
9/09/2025 18:40,22.1,50.7
9/09/2025 18:40,22,50.7
9/09/2025 18:40,22,50.7
9/09/2025 18:40,22,50.5
9/09/2025 18:40,22,50.5
9/09/2025 18:40,22,50.5
9/09/2025 18:40,22,50.5
9/09/2025 18:40,22.1,50.5
9/09/2025 18:40,22.1,50.5
9/09/2025 18:40,22,50.5
9/09/2025 18:40,22,50.5
9/09/2025 18:41,22,50.5
9/09/2025 18:41,22,50.5
9/09/2025 18:41,22,50.5
9/09/2025 18:41,22,50.5
9/09/2025 18:41,22,50.5
9/09/2025 18:41,22,50.5
9/09/2025 18:41,22,50.6
9/09/2025 18:41,22,50.6
9/09/2025 18:41,22,50.6
9/09/2025 18:41,22,50.6
9/09/2025 18:41,22,50.4
9/09/2025 18:41,22,50.4
9/09/2025 18:41,22,50.7
9/09/2025 18:41,22,50.7
9/09/2025 18:41,22,50.6
9/09/2025 18:41,22,50.6
9/09/2025 18:41,22,50.6
9/09/2025 18:41,22,50.6
9/09/2025 18:41,22,50.6
9/09/2025 18:41,22,50.6
9/09/2025 18:41,22,50.6
9/09/2025 18:41,22,50.6
9/09/2025 18:41,22,50.6
9/09/2025 18:41,22,50.6
9/09/2025 18:41,22,50.5
9/09/2025 18:41,22,50.5
9/09/2025 18:41,22,50.7
9/09/2025 18:41,22,50.7
9/09/2025 18:41,22,50.6
9/09/2025 18:41,22,50.6
9/09/2025 18:41,22,50.6
9/09/2025 18:41,22,50.6
9/09/2025 18:41,22,50.4
9/09/2025 18:41,22,50.4
9/09/2025 18:41,22,50.6
9/09/2025 18:41,22,50.6
9/09/2025 18:41,22,50.5
9/09/2025 18:41,22,50.5
9/09/2025 18:41,22,50.6
9/09/2025 18:41,22,50.6
9/09/2025 18:41,22,50.6
9/09/2025 18:41,22,50.6
9/09/2025 18:41,22,50.6
9/09/2025 18:41,22,50.6
9/09/2025 18:41,22,50.6
9/09/2025 18:41,22,50.6
9/09/2025 18:41,22,50.6
9/09/2025 18:41,22,50.6
9/09/2025 18:41,22,50.6
9/09/2025 18:41,22,50.6
9/09/2025 18:41,22,50.6
9/09/2025 18:41,22,50.6
9/09/2025 18:41,22,50.6
9/09/2025 18:41,22,50.6
9/09/2025 18:41,22,50.6
9/09/2025 18:41,22,50.6
9/09/2025 18:41,22,50.6
9/09/2025 18:41,22,50.6
9/09/2025 18:41,22,50.6
9/09/2025 18:41,22,50.6
9/09/2025 18:42,22,50.5
9/09/2025 18:42,22,50.5
9/09/2025 18:42,22,50.7
9/09/2025 18:42,22,50.7
9/09/2025 18:42,22,50.6
9/09/2025 18:42,22,50.6
9/09/2025 18:42,22,50.6
9/09/2025 18:42,22,50.6
9/09/2025 18:42,22,50.6
9/09/2025 18:42,22,50.6
9/09/2025 18:42,22,50.6
9/09/2025 18:42,22,50.6
9/09/2025 18:42,22,50.6
9/09/2025 18:42,22,50.6
9/09/2025 18:42,22,50.5
9/09/2025 18:42,22,50.5
9/09/2025 18:42,22,50.6
9/09/2025 18:42,22,50.6
9/09/2025 18:42,22,50.6
9/09/2025 18:42,22,50.6
9/09/2025 18:42,22,50.6
9/09/2025 18:42,22,50.6
9/09/2025 18:42,22,50.6
9/09/2025 18:42,22,50.6
9/09/2025 18:42,22,50.6
9/09/2025 18:42,22,50.6
9/09/2025 18:42,22,50.6
9/09/2025 18:42,22,50.6
9/09/2025 18:42,22,50.5
9/09/2025 18:42,22,50.5
9/09/2025 18:42,22,50.6
9/09/2025 18:42,22,50.6
9/09/2025 18:42,22,50.6
9/09/2025 18:42,22,50.6
9/09/2025 18:42,22,50.5
9/09/2025 18:42,22,50.5
9/09/2025 18:42,22,50.7
9/09/2025 18:42,22,50.7
9/09/2025 18:42,22,50.5
9/09/2025 18:42,22,50.5
9/09/2025 18:42,22,50.6
9/09/2025 18:42,22,50.6
9/09/2025 18:42,22,50.6
9/09/2025 18:42,22,50.6
9/09/2025 18:42,22,50.6
9/09/2025 18:42,22,50.6
9/09/2025 18:42,22,50.6
9/09/2025 18:42,22,50.6
9/09/2025 18:42,22,50.5
9/09/2025 18:42,22,50.5
9/09/2025 18:42,22,50.6
9/09/2025 18:42,22,50.6
9/09/2025 18:42,22,50.5
9/09/2025 18:42,22,50.5
9/09/2025 18:42,22,50.6
9/09/2025 18:42,22,50.6
9/09/2025 18:42,22,50.6
9/09/2025 18:42,22,50.6
9/09/2025 18:42,22,50.6
9/09/2025 18:42,22,50.6
9/09/2025 18:43,22,50.6
9/09/2025 18:43,22,50.6
9/09/2025 18:43,22,50.4
9/09/2025 18:43,22,50.4
9/09/2025 18:43,22,50.6
9/09/2025 18:43,22,50.6
9/09/2025 18:43,22,50.6
9/09/2025 18:43,22,50.6
9/09/2025 18:43,22,50.6
9/09/2025 18:43,22,50.6
9/09/2025 18:43,22,50.7
9/09/2025 18:43,22,50.7
9/09/2025 18:43,22,50.6
9/09/2025 18:43,22,50.6
9/09/2025 18:43,22,50.5
9/09/2025 18:43,22,50.5
9/09/2025 18:43,22,50.5
9/09/2025 18:43,22,50.5
9/09/2025 18:43,22,50.6
9/09/2025 18:43,22,50.6
9/09/2025 18:43,22,50.6
9/09/2025 18:43,22,50.6
9/09/2025 18:43,22,50.6
9/09/2025 18:43,22,50.6
9/09/2025 18:43,22,50.6
9/09/2025 18:43,22,50.6
9/09/2025 18:43,22,50.6
9/09/2025 18:43,22,50.6
9/09/2025 18:43,22,50.7
9/09/2025 18:43,22,50.7
9/09/2025 18:43,22,50.6
9/09/2025 18:43,22,50.6
9/09/2025 18:43,22,50.6
9/09/2025 18:43,22,50.6
9/09/2025 18:43,22,50.7
9/09/2025 18:43,22,50.7
9/09/2025 18:43,22,50.6
9/09/2025 18:43,22,50.6
9/09/2025 18:43,22,50.6
9/09/2025 18:43,22,50.6
9/09/2025 18:43,21.9,50.7
9/09/2025 18:43,21.9,50.7
9/09/2025 18:43,22,50.6
9/09/2025 18:43,22,50.6
9/09/2025 18:43,21.9,50.6
9/09/2025 18:43,21.9,50.6
9/09/2025 18:43,22,50.6
9/09/2025 18:43,22,50.6
9/09/2025 18:43,22,50.6
9/09/2025 18:43,22,50.6
9/09/2025 18:43,22,50.6
9/09/2025 18:43,22,50.6
9/09/2025 18:43,21.9,50.5
9/09/2025 18:43,21.9,50.5
9/09/2025 18:43,22,50.7
9/09/2025 18:43,22,50.7
9/09/2025 18:43,22,50.6
9/09/2025 18:43,22,50.6
9/09/2025 18:43,22,50.6
9/09/2025 18:43,22,50.6
9/09/2025 18:44,22,50.5
9/09/2025 18:44,22,50.5
9/09/2025 18:44,22,50.5
9/09/2025 18:44,22,50.5
9/09/2025 18:44,21.9,50.7
9/09/2025 18:44,21.9,50.7
9/09/2025 18:44,21.9,50.7
9/09/2025 18:44,21.9,50.7
9/09/2025 18:44,22,50.7
9/09/2025 18:44,22,50.7
9/09/2025 18:44,22,50.7
9/09/2025 18:44,22,50.7
9/09/2025 18:44,22,50.5
9/09/2025 18:44,22,50.5
9/09/2025 18:44,22,50.7
9/09/2025 18:44,22,50.7
9/09/2025 18:44,21.9,50.7
9/09/2025 18:44,21.9,50.7
9/09/2025 18:44,22,50.7
9/09/2025 18:44,22,50.7
9/09/2025 18:44,22,50.6
9/09/2025 18:44,22,50.6
9/09/2025 18:44,22,50.7
9/09/2025 18:44,22,50.7
9/09/2025 18:44,22,50.7
9/09/2025 18:44,22,50.7
9/09/2025 18:44,22,50.7
9/09/2025 18:44,22,50.7
9/09/2025 18:44,21.9,50.6
9/09/2025 18:44,21.9,50.6
9/09/2025 18:44,22,50.6
9/09/2025 18:44,22,50.6
9/09/2025 18:44,21.9,50.5
9/09/2025 18:44,21.9,50.5
9/09/2025 18:44,21.9,50.6
9/09/2025 18:44,21.9,50.6
9/09/2025 18:44,21.9,50.7
9/09/2025 18:44,21.9,50.7
9/09/2025 18:44,22,50.7
9/09/2025 18:44,22,50.7
9/09/2025 18:44,21.9,50.7
9/09/2025 18:44,21.9,50.7
9/09/2025 18:44,21.9,50.7
9/09/2025 18:44,21.9,50.7
9/09/2025 18:44,21.9,50.6
9/09/2025 18:44,21.9,50.6
9/09/2025 18:44,21.9,50.7
9/09/2025 18:44,21.9,50.7
9/09/2025 18:44,22,50.7
9/09/2025 18:44,22,50.7
9/09/2025 18:44,21.9,50.6
9/09/2025 18:44,21.9,50.6
9/09/2025 18:44,21.9,50.7
9/09/2025 18:44,21.9,50.7
9/09/2025 18:44,22,50.6
9/09/2025 18:44,22,50.6
9/09/2025 18:44,21.9,50.6
9/09/2025 18:44,21.9,50.6
9/09/2025 18:44,22,50.5
9/09/2025 18:45,22,50.5
9/09/2025 18:45,21.9,50.5
9/09/2025 18:45,21.9,50.5
9/09/2025 18:45,22,50.6
9/09/2025 18:45,22,50.6
9/09/2025 18:45,22,50.6
9/09/2025 18:45,22,50.6
9/09/2025 18:45,21.9,50.7
9/09/2025 18:45,21.9,50.7
9/09/2025 18:45,21.9,50.6
9/09/2025 18:45,21.9,50.6
9/09/2025 18:45,21.9,50.6
9/09/2025 18:45,21.9,50.6
9/09/2025 18:45,22,50.7
9/09/2025 18:45,22,50.7
9/09/2025 18:45,22,50.5
9/09/2025 18:45,22,50.5
9/09/2025 18:45,21.9,50.5
9/09/2025 18:45,21.9,50.5
9/09/2025 18:45,21.9,50.6
9/09/2025 18:45,21.9,50.6
9/09/2025 18:45,21.9,50.7
9/09/2025 18:45,21.9,50.7
9/09/2025 18:45,22,50.6
9/09/2025 18:45,22,50.6
9/09/2025 18:45,21.9,50.6
9/09/2025 18:45,21.9,50.6
9/09/2025 18:45,21.9,50.7
9/09/2025 18:45,21.9,50.7
9/09/2025 18:45,21.9,50.7
9/09/2025 18:45,21.9,50.7
9/09/2025 18:45,22,50.8
9/09/2025 18:45,22,50.8
9/09/2025 18:45,21.9,50.6
9/09/2025 18:45,21.9,50.6
9/09/2025 18:45,22,50.7
9/09/2025 18:45,22,50.7
9/09/2025 18:45,21.9,50.5
9/09/2025 18:45,21.9,50.5
9/09/2025 18:45,21.9,50.7
9/09/2025 18:45,21.9,50.7
9/09/2025 18:45,21.9,50.7
9/09/2025 18:45,21.9,50.7
9/09/2025 18:45,21.9,50.7
9/09/2025 18:45,21.9,50.7
9/09/2025 18:45,22,50.6
9/09/2025 18:45,22,50.6
9/09/2025 18:45,21.9,50.6
9/09/2025 18:45,21.9,50.6
9/09/2025 18:45,21.9,50.6
9/09/2025 18:45,21.9,50.6
9/09/2025 18:45,21.9,50.7
9/09/2025 18:45,21.9,50.7
9/09/2025 18:45,21.9,50.7
9/09/2025 18:45,21.9,50.7
9/09/2025 18:45,21.9,50.7
9/09/2025 18:45,21.9,50.7
9/09/2025 18:45,21.9,50.7
9/09/2025 18:45,21.9,50.7
9/09/2025 18:45,21.9,50.7
9/09/2025 18:46,21.9,50.7
9/09/2025 18:46,21.9,50.6
9/09/2025 18:46,21.9,50.6
9/09/2025 18:46,21.9,50.6
9/09/2025 18:46,21.9,50.6
9/09/2025 18:46,21.9,50.8
9/09/2025 18:46,21.9,50.8
9/09/2025 18:46,21.9,50.7
9/09/2025 18:46,21.9,50.7
9/09/2025 18:46,21.9,50.7
9/09/2025 18:46,21.9,50.7
9/09/2025 18:46,21.9,50.8
9/09/2025 18:46,21.9,50.8
9/09/2025 18:46,21.9,50.7
9/09/2025 18:46,21.9,50.7
9/09/2025 18:46,21.9,50.7
9/09/2025 18:46,21.9,50.7
9/09/2025 18:46,21.9,50.7
9/09/2025 18:46,21.9,50.7
9/09/2025 18:46,21.9,50.6
9/09/2025 18:46,21.9,50.6
9/09/2025 18:46,21.9,50.7
9/09/2025 18:46,21.9,50.7
9/09/2025 18:46,21.9,50.7
9/09/2025 18:46,21.9,50.7
9/09/2025 18:46,21.9,50.5
9/09/2025 18:46,21.9,50.5
9/09/2025 18:46,21.9,50.7
9/09/2025 18:46,21.9,50.7
9/09/2025 18:46,21.9,50.6
9/09/2025 18:46,21.9,50.6
9/09/2025 18:46,21.9,50.7
9/09/2025 18:46,21.9,50.7
9/09/2025 18:46,21.9,50.6
9/09/2025 18:46,21.9,50.6
9/09/2025 18:46,21.9,50.6
9/09/2025 18:46,21.9,50.6
9/09/2025 18:46,21.9,50.7
9/09/2025 18:46,21.9,50.7
9/09/2025 18:46,22,50.7
9/09/2025 18:46,22,50.7
9/09/2025 18:46,21.9,50.6
9/09/2025 18:46,21.9,50.6
9/09/2025 18:46,22,50.6
9/09/2025 18:46,22,50.6
9/09/2025 18:46,21.9,50.8
9/09/2025 18:46,21.9,50.8
9/09/2025 18:46,21.9,50.5
9/09/2025 18:46,21.9,50.5
9/09/2025 18:46,21.9,50.7
9/09/2025 18:46,21.9,50.7
9/09/2025 18:46,21.9,50.7
9/09/2025 18:46,21.9,50.7
9/09/2025 18:46,21.9,50.6
9/09/2025 18:46,21.9,50.6
9/09/2025 18:46,21.9,50.7
9/09/2025 18:46,21.9,50.7
9/09/2025 18:46,21.9,50.6
9/09/2025 18:46,21.9,50.6
9/09/2025 18:46,21.9,50.6
9/09/2025 18:47,21.9,50.6
9/09/2025 18:47,21.9,50.6
9/09/2025 18:47,21.9,50.6
9/09/2025 18:47,21.9,50.8
9/09/2025 18:47,21.9,50.8
9/09/2025 18:47,21.9,50.7
9/09/2025 18:47,21.9,50.7
9/09/2025 18:47,21.9,50.6
9/09/2025 18:47,21.9,50.6
9/09/2025 18:47,21.9,50.6
9/09/2025 18:47,21.9,50.6
9/09/2025 18:47,21.9,50.6
9/09/2025 18:47,21.9,50.6
9/09/2025 18:47,21.9,50.8
9/09/2025 18:47,21.9,50.8
9/09/2025 18:47,21.9,50.7
9/09/2025 18:47,21.9,50.7
9/09/2025 18:47,21.9,50.7
9/09/2025 18:47,21.9,50.7
9/09/2025 18:47,21.9,50.7
9/09/2025 18:47,21.9,50.7
9/09/2025 18:47,21.9,50.7
9/09/2025 18:47,21.9,50.7
9/09/2025 18:47,21.9,50.6
9/09/2025 18:47,21.9,50.6
9/09/2025 18:47,21.9,50.6
9/09/2025 18:47,21.9,50.6
9/09/2025 18:47,21.9,50.7
9/09/2025 18:47,21.9,50.7
9/09/2025 18:47,21.9,50.7
9/09/2025 18:47,21.9,50.7
9/09/2025 18:47,21.9,50.8
9/09/2025 18:47,21.9,50.8
9/09/2025 18:47,21.9,50.7
9/09/2025 18:47,21.9,50.7
9/09/2025 18:47,21.9,50.6
9/09/2025 18:47,21.9,50.6
9/09/2025 18:47,21.9,50.6
9/09/2025 18:47,21.9,50.6
9/09/2025 18:47,21.9,50.6
9/09/2025 18:47,21.9,50.6
9/09/2025 18:47,21.9,50.6
9/09/2025 18:47,21.9,50.6
9/09/2025 18:47,21.9,50.6
9/09/2025 18:47,21.9,50.6
9/09/2025 18:47,21.9,50.6
9/09/2025 18:47,21.9,50.6
9/09/2025 18:47,21.9,50.6
9/09/2025 18:47,21.9,50.6
9/09/2025 18:47,21.9,50.7
9/09/2025 18:47,21.9,50.7
9/09/2025 18:47,21.9,50.6
9/09/2025 18:47,21.9,50.6
9/09/2025 18:47,21.9,50.7
9/09/2025 18:47,21.9,50.7
9/09/2025 18:47,21.9,50.6
9/09/2025 18:47,21.9,50.6
9/09/2025 18:47,21.9,50.7
9/09/2025 18:47,21.9,50.7
9/09/2025 18:47,21.9,50.6
9/09/2025 18:48,21.9,50.6
9/09/2025 18:48,21.9,50.7
9/09/2025 18:48,21.9,50.7
9/09/2025 18:48,21.9,50.7
9/09/2025 18:48,21.9,50.7
9/09/2025 18:48,21.9,50.8
9/09/2025 18:48,21.9,50.8
9/09/2025 18:48,21.9,50.7
9/09/2025 18:48,21.9,50.7
9/09/2025 18:48,21.9,50.7
9/09/2025 18:48,21.9,50.7
9/09/2025 18:48,21.9,50.7
9/09/2025 18:48,21.9,50.7
9/09/2025 18:48,21.9,50.7
9/09/2025 18:48,21.9,50.7
9/09/2025 18:48,21.9,50.7
9/09/2025 18:48,21.9,50.7
9/09/2025 18:48,21.9,50.7
9/09/2025 18:48,21.9,50.7
9/09/2025 18:48,21.9,50.7
9/09/2025 18:48,21.9,50.7
9/09/2025 18:48,21.9,50.7
9/09/2025 18:48,21.9,50.7
9/09/2025 18:48,21.9,50.6
9/09/2025 18:48,21.9,50.6
9/09/2025 18:48,21.9,50.8
9/09/2025 18:48,21.9,50.8
9/09/2025 18:48,21.9,50.8
9/09/2025 18:48,21.9,50.8
9/09/2025 18:48,21.9,50.6
9/09/2025 18:48,21.9,50.6
9/09/2025 18:48,21.9,50.7
9/09/2025 18:48,21.9,50.7
9/09/2025 18:48,21.9,50.6
9/09/2025 18:48,21.9,50.6
9/09/2025 18:48,21.9,50.7
9/09/2025 18:48,21.9,50.7
9/09/2025 18:48,21.9,50.8
9/09/2025 18:48,21.9,50.8
9/09/2025 18:48,21.9,50.8
9/09/2025 18:48,21.9,50.8
9/09/2025 18:48,21.9,50.7
9/09/2025 18:48,21.9,50.7
9/09/2025 18:48,21.9,50.7
9/09/2025 18:48,21.9,50.7
9/09/2025 18:48,21.8,50.6
9/09/2025 18:48,21.8,50.6
9/09/2025 18:48,21.9,50.6
9/09/2025 18:48,21.9,50.6
9/09/2025 18:48,21.9,50.7
9/09/2025 18:48,21.9,50.7
9/09/2025 18:48,21.9,50.5
9/09/2025 18:48,21.9,50.5
9/09/2025 18:48,21.9,50.7
9/09/2025 18:48,21.9,50.7
9/09/2025 18:48,21.9,50.7
9/09/2025 18:48,21.9,50.7
9/09/2025 18:48,21.9,50.7
9/09/2025 18:48,21.9,50.7
9/09/2025 18:49,21.9,50.7
9/09/2025 18:49,21.9,50.7
9/09/2025 18:49,21.9,50.6
9/09/2025 18:49,21.9,50.6
9/09/2025 18:49,21.9,50.8
9/09/2025 18:49,21.9,50.8
9/09/2025 18:49,21.9,50.8
9/09/2025 18:49,21.9,50.8
9/09/2025 18:49,21.9,50.6
9/09/2025 18:49,21.9,50.6
9/09/2025 18:49,21.9,50.8
9/09/2025 18:49,21.9,50.8
9/09/2025 18:49,21.9,50.7
9/09/2025 18:49,21.9,50.7
9/09/2025 18:49,21.8,50.6
9/09/2025 18:49,21.8,50.6
9/09/2025 18:49,21.9,50.7
9/09/2025 18:49,21.9,50.7
9/09/2025 18:49,21.9,50.7
9/09/2025 18:49,21.9,50.7
9/09/2025 18:49,21.9,50.9
9/09/2025 18:49,21.9,50.9
9/09/2025 18:49,21.9,50.8
9/09/2025 18:49,21.9,50.8
9/09/2025 18:49,21.9,50.7
9/09/2025 18:49,21.9,50.7
9/09/2025 18:49,21.9,50.8
9/09/2025 18:49,21.9,50.8
9/09/2025 18:49,21.9,50.7
9/09/2025 18:49,21.9,50.7
9/09/2025 18:49,21.9,50.7
9/09/2025 18:49,21.9,50.7
9/09/2025 18:49,21.9,50.9
9/09/2025 18:49,21.9,50.9
9/09/2025 18:49,21.9,50.8
9/09/2025 18:49,21.9,50.8
9/09/2025 18:49,21.9,50.8
9/09/2025 18:49,21.9,50.8
9/09/2025 18:49,21.9,50.8
9/09/2025 18:49,21.9,50.8
9/09/2025 18:49,21.9,50.8
9/09/2025 18:49,21.9,50.8
9/09/2025 18:49,21.9,50.8
9/09/2025 18:49,21.9,50.8
9/09/2025 18:49,21.9,50.9
9/09/2025 18:49,21.9,50.9
9/09/2025 18:49,21.9,50.7
9/09/2025 18:49,21.9,50.7
9/09/2025 18:49,21.9,50.7
9/09/2025 18:49,21.9,50.7
9/09/2025 18:49,21.9,50.8
9/09/2025 18:49,21.9,50.8
9/09/2025 18:49,21.9,50.8
9/09/2025 18:49,21.9,50.8
9/09/2025 18:49,21.9,50.7
9/09/2025 18:49,21.9,50.7
